Piece;Calibre;Mesure boulet;Valeur boulet;Mesure mitraille;Valeur mitraille;ModifRecharge;BonusCanonnade;NombreHommesRechargeLong;NombreHommesRechargeCarronade
Orgue (20 tubes);0;-999;-999;10;10;-2;2;2;999
Orgue (40 tubes);0;-999;-999;20;13;-4;2;3;999
Espingole;0,5;-999;-999;1,5;2;2;2;1;999
Pierrier;1;0,16;-7;3;5;2;2;1;999
Canon muraille;2;0,33;-4;6;8;2;2;2;999
Canon;3;0,5;-3;2;3;1;0;3;999
Canon;4;0,66;-1;2,5;4;1;0;3;999
Canon;6;1;0;4;6;1;0;4;2
Canon;9;1,25;1;5;7;0;0;6;2
Canon;9;1,5;2;6;8;0;0;6;2
Canon;12;2;3;8;9;0;0;8;2
Canon;18;3;4;10;10;0;0;10;2
Canon;18;3;5;12;11;0;0;10;2
Canon;24;4;6;16;12;-1;0;12;3
Canon;30;5;7;20;13;-1;0;13;3
Canon;36;6;8;24;14;-1;0;15;3
Canon;42;7;9;28;15;-2;0;18;3
Mortier;68;12,5;11;50;17;-3;0;;4
Mortier;18;6;8;12;11;1;0;2;999
Mortier;36;9;10;24;14;0;0;3;999
;48;12;11;100;20;-1;0;4;999
