Competence;Adaptabilite;Adresse;Charisme;Erudition;Expression;Force;Pouvoir;Resistance;Perception
Balistique;;;;1;;;;;
Cartographie;;1;;1;;;;;1
Commerce;;;;1;1;;;;
Droit;;;;1;;;;;
Geographie;1;;;1;;;;;
Histoire;;;;1;;;;;
Herboristerie;;;;1;;;1;;
Ingénierie navale;1;;;1;;;;;
Intendance;1;;;1;;;;;
Lire;;1;;1;;;;;
Medecine;;;;1;;;;;1
Religion;;;1;1;;;1;;
Science;;;;1;;;;;
Tactique;1;;;1;;;;;
Agriculture;;;;;;;;1;
Art;;1;;;;;;;
Artisanat;;1;;;;1;;;
Artisanat1;;1;;;;1;;;
Pointage;;1;;;;;;;1
Recharge;;;;;;1;;;
Calfatage;;;;;;1;;;
Charpenterie;;;;1;;1;;;
Voilerie;;1;;;;;;;
Cuisine;;1;;;;;;1;
Chasse;;1;;;;;1;;1
Chirurgie;1;1;;;;;;;
Dressage;;;1;;1;;;;
Premiers soins;;1;;;;;;;
Connaissances navire;;;;1;;;;;1
Connaissances nautiques;1;;;1;;;;;
Signalisation;1;;;;;;;;1
Hydrographie;;;;1;;;1;;
Navigation;;;;1;;;;;1
Peche;;;;;;;1;;1
Pratique nautique;1;1;;;;;;;
Timonerie;;1;;;;;;;
Acrobatie;1;1;;;;;;;
Athletisme;;;;;;1;;1;
Discretion;1;1;;;;;;1;
Equitation;;1;1;;;;;1;
Larcins;1;1;;;;;1;;
Natation;;;;;;1;;1;
Survie;1;;;;;;;;1
Vigilance;1;;;;;;;;1
Comedie;;;1;;;;;;
Colons;1;;;;;;;;
Marins;1;;;;;;;;
Empathie;;1;;;;;;;1
Enseignement;;;;1;1;;;;
Etiquette;1;;1;1;;;;;
Intimidation;;;1;;;1;;;
Jeu;;1;;;;;1;;
Langue1;;;;;1;;;;
Langue2;;;;;1;;;;
Langue3;;;;;1;;;;
MeneurHommes;;;1;;1;;;;
Persuasion;;;1;;1;;;;
Politique;;;;1;1;;;;
Séduction;;;1;;;;;;
Esquive;;1;;;;;;;
Escrime;;1;;;;;;;
MainsNue;;;;;;1;;;
Jet1;1;1;;;;;;;
Rapiere;1;1;;;;;;;
Esponton;;1;;;;1;;;
ArmesBlanches1;1;1;;;;1;;;
Arc;;1;;;;;;;1
Javelot;;1;;;;1;;;
Dague;1;1;;;;;;;
NerfDeBoeuf;;;;;;2;;;
Sabre;;1;;;;1;;;
Hache;;;;;;2;;;
Mousquet;;;;;;;;;1
Pistolet;;;;;;;;;1
Grenade;;1;;;;;;;
