Competence;Type;Metier;Trait
Balistique;Connaissance;1;Balisticen
Cartographie;Connaissance;1;Cartographe
Commerce;Connaissance;;Commercant
Droit;Connaissance;1;Avocat
Geographie;Connaissance;;Geographe
Histoire;Connaissance;;Historien
Herboristerie;Connaissance;1;Herboriste
Ingénierie navale;Connaissance;1;IngénieurNaval
Intendance;Connaissance;1;Intendant
Lire;Connaissance;1;Lecteur
Medecine;Connaissance;1;Medecin
Religion;Connaissance;;Religieux
Science;Connaissance;1;Scentifique
Tactique;Connaissance;;Tacticien
Agriculture;Technique;1;Agriculteur
Art;Technique;1;Artiste
Artisanat1;Technique;1;Artisan
Artisanat;Technique;1;Artisan
Pointage;Technique;;Pointeur
Recharge;Technique;;Rechargeur
Calfatage;Technique;1;Calfateur
Charpenterie;Technique;1;Charpentier
Voilerie;Technique;1;Voilier
Cuisine;Technique;;Cuisinier
Chasse;Technique;;Chasseur
Chirurgie;Technique;1;Chirurgien
Dressage;Technique;;Dresseur
Premiers soins;Technique;;Secouriste
Connaissances nautiques;Maritime;1;Nauticien
Connaissances navire;Maritime;;Expert en navire
Signalisation;Maritime;1;Signalisateur
Hydrographie;Maritime;1;Hydrographe
Navigation;Maritime;1;Navigateur
Peche;Maritime;;Pecheur
Pratique nautique;Maritime;;Praticien nautique
Timonerie;Maritime;;Timonier
Acrobatie;Physique;;Acrobate
Athletisme;Physique;;Athlete
Discretion;Physique;;Discret
Equitation;Physique;;Cavalier
Larcins;Physique;1;Voleur
Natation;Physique;;Nageur
Survie;Physique;1;Survivant
Vigilance;Physique;;Vigilant
Comedie;Sociale;;Comedien
Colons;Sociale;;Colons
Marins;Sociale;;Marins
Empathie;Sociale;;Empathe
Enseignement;Sociale;;Enseignant
Etiquette;Sociale;1;Mondain
Intimidation;Sociale;;Intimidant
Jeu;Sociale;;Joueur
Langue1;Sociale;;Polyglotte
Langue2;Sociale;;Polyglotte
Langue3;Sociale;;Polyglotte
MeneurHommes;Sociale;;Meneur
Persuasion;Sociale;;Persuadeur
Politique;Sociale;;Politicien
Séduction;Sociale;;Séducteur
Dague;Combat;;Daguiste
NerfDeBoeuf;Combat;1;Matraqueur
Sabre;Combat;;Sabreur
Hache;Combat;;Hacheur
Mousquet;Combat;;TireurMousquet
Pistolet;Combat;;TireurPistolet
Grenade;Combat;;Grenadier
MainsNue;Combat;;Combattant
Escrime;Combat;1;Escrimeur
Esquive;Combat;;Esquiveur
Jet1;Combat;;Lanceur
Rapiere;Combat;1;Rapere
Esponton;Combat;1;Esponton
ArmesBlanches1;Combat;1;ArmesBlanches1
Arc;Combat;1;Archer
Javelot;Combat;1;Lanceur
