Type;Balistique;Cartographie;Commerce;Droit;Geographie;Histoire;Herboristerie;Ingénierie navale;Intendance;Lire;Medecine;Religion;Science;Tactique;Agriculture;Art;Pointage;Recharge;Calfatage;Charpenterie;Voilerie;Cuisine;Chasse;Chirurgie;Dressage;Premiers soins;Connaissances nautiques;Connaissances navire;Signalisation;Hydrographie;Navigation;Peche;Pratique nautique;Timonerie;Acrobatie;Athletisme;Discretion;Equitation;Larcins;Natation;Survie;Vigilance;Comedie;Colons;Marins;Empathie;Enseignement;Etiquette;Intimidation;Jeu;Français;Anglais;Espagnol;Portuguais;Neerlandais;MeneurHommes;Persuasion;Politique;Séduction;Dague;Sabre;Hache;Mousquet;Pistolet;Grenade;MainsNue;Escrime;Esquive;Jet1;Artisanat;Salaire;Employeur;EtatMaladie;Cycle
Matelot;-1;-1;0;-1;0;-1;-1;0;-1;-1;-1;0;-1;0;0;0;1;1;-1;-1;-1;0;0;-1;0;0;0;0,5;0;0;-1;0;1;0;0;0;0;-0,5;0;0;0;0;0;0;1;0;0;-1;0;0,5;0;-1;-1;-1;-1;0;0;-0,5;0;0,75;0,4;0;0;0;0;0,5;0;0,5;-1;-1;9;Armateur;0;0
Gabier;-1;-1;0;-1;0;-1;-1;0;-1;-1;-1;0;-1;0;0;0;1;1;-1;-1;-1;0;0;-1;0;0;0;0,5;0;0;-1;0;1;0;1;1;0;-0,5;0;0;0;0;0;0;1;0;0;0;0;0,5;0;-1;-1;-1;-1;0;0;-0,5;0;0,75;0,4;0;0;0;0;0,5;0;0,5;-1;-1;12;Armateur;0;0
Esclave;-1;-1;0;-1;-0,25;-1;0,5;-0,5;0,3;-1;-0,3;1;-0,5;-0,5;1;1;-1;-1;-1;-0,5;-1;0,5;0,5;-1;0,5;0,7;-1;-1;-1;-1;-1;-0,7;-1;-1;1;1;-1;-1;;0;1;0,5;0,5;1;-0,5;0,5;0,7;0;0,5;-0,5;0;-1;-1;-1;-1;0;0;-0,7;0;0;-1;0,5;-1;-1;-1;0,7;-1;0,7;-0,5;-9;0;Planteur;0;0
Paysan;-1;-0,5;0;0;-0,25;-1;0;-1;-0,5;-1;-1;0;-0,75;-1;1;0;0;-1;-1;-1;0;1;0,5;-1;1;1;-1;-1;-1;-1;-1;0;0;-1;0,5;0,75;0;1;0;0;1;0,5;0;1;0;0;0,5;-1;0,75;0;0;-1;-1;-1;-1;0;0;-1;0;0,5;0;0,5;0;0;0;0,7;-1;0,7;-1;-0,5;5;Patron;0;0
Delinquant;-1;-0,5;1;0,5;0;-1;0,5;-1;0;0;-1;-1;-1;0;0;0,7;0;0;-1;-1;-1;0;0;-1;-0,5;1;-1;-1;-1;-1;-1;0;0;-1;1;1;1;-0,7;1;0,5;0,5;1;1;1;0;1;0;-1;0,5;1;0,5;0,5;0,5;0,5;0,5;0;0,5;-0,5;1;1;0;0;0,5;0,7;0,2;0,7;-0,7;1;-0,5;-1;0;Delinquant;0;0
Soldat;-1;-1;0;0,5;-1;-1;-1;-1;-0,5;0,5;-1;0;-1;0,7;0;0;0;0;-0,5;-1;-0,5;0;0,5;-1;-1;0,7;-1;-1;-1;-1;-1;0;-0,5;-1;0,6;0,6;-0,5;-0,5;-0,5;0;-1;1;0;1;1;1;0,5;0;1;0;0,5;0,5;0,5;0,5;0,5;0,7;1;0,5;1;0;1;-0,5;1;1;0;0,7;1;1;-1;-1;5;Public;0;0
Indien;-1;-1;0;-1;1;-1;0,5;-1;-1;-1;0;1;-1;1;1;1;-1;-1;-1;-1;-1;0,5;1;-1;0;0,5;-1;-1;-1;-0,5;-1;0,5;0;-1;0,5;1;-0,5;-1;-0,5;1;1;1;-1;-1;-1;0;0;-1;1;-1;-1;-1;-1;-1;-1;0;-0,5;-0,5;1;-1;-1;1;-1;-1;-1;0,5;-1;1;1;-0,5;0;Patron;0;0
Random;-1;-1;0;-1;0;-1;-1;-1;-1;-1;-1;0;-1;0;0;0;-1;-1;-1;-1;-1;0;0;-1;0;0;-1;-1;-1;-1;-1;0;0;-1;0;0;0;-1;-1;-1;-1;0;0;0;0;0;0;-1;0;0;0;-1;-1;-1;-1;0;0;-1;0;0;-1;-1;-1;-1;-1;0;-1;0;-1;-1;0;Patron;0;0
Macon;-1;-1;0;-1;0;-1;-1;-1;-1;-1;-1;0;-1;0;0;1;-1;-1;-1;-1;-1;0;0;-1;0;0;-1;-1;-1;-1;-1;0;0;-1;0;1;0;-1;-1;-1;-1;0;0;0;0;0;0;-1;1;0;0;-1;-1;-1;-1;0;0;-1;0;0;-1;-1;-1;-1;-1;1;-1;0;-1;1;5;Patron;0;0
Bucheron;-1;-1;0;-1;0;-1;-1;-1;-1;-1;-1;0;-1;0;0;0;-1;-1;-1;-1;-1;0;0;-1;0;0;-1;-1;-1;-1;-1;0;0;-1;0;1;0;-1;-1;-1;-1;0;0;0;0;0;0;-1;1;0;0;-1;-1;-1;-1;0;0;-1;0;0;-1;1;-1;-1;-1;0;-1;0;-1;-1;5;Patron;0;0
Paysan;-1;-1;0;-1;0;-1;-1;-1;-1;-1;-1;0;-1;0;1;0;-1;-1;-1;-1;-1;0;0;-1;1;0;-1;-1;-1;-1;-1;0;0;-1;0;1;0;1;-1;-1;-1;0;0;1;0;0;0;-1;1;0;0;-1;-1;-1;-1;0;0;-1;0;0;-1;1;-1;-1;-1;0;-1;0;-1;-1;5;Patron;0;0
Pecheur;-1;-1;0;-1;0;-1;-1;-1;-1;-1;-1;0;-1;0;0;0;-1;-1;-1;-1;-1;0;0;-1;0;0;0;-1;-1;1;-1;1;1;-1;1;0;0;-1;-1;1;-1;0;0;0;0;0;0;-1;0;0;0;-1;-1;-1;-1;0;0;-1;0;0;-1;-1;-1;-1;-1;0;-1;0;-1;-1;0;Client;0;0
Habitant;-1;-1;0;-1;1;-1;-1;-1;1;-1;-1;0;-1;0;1;0;-1;-1;-1;1;-1;0;0;-1;0;0;-1;-1;-1;-1;-1;0;0;-1;0;1;0;-1;-1;-1;1;1;0;1;0;-0,5;0;-1;1;0;0;-1;-1;-1;-1;1;0;-1;0;-1;-1;1;-1;-1;-1;0;-1;0;-1;-1;0;Habitant;0;0
Architecte;-1;1;0;-1;1;-1;-1;-1;-1;1;-1;0;0;0;-1;1;-1;-1;-1;-1;-1;0;0;-1;0;0;-1;-1;-1;-1;-1;0;0;-1;0;0;0;-1;-1;-1;-1;0;0;0;0;0;0;-1;0;0;0;-1;-1;-1;-1;0;0;-1;0;0;-1;-1;-1;-1;-1;0;-1;0;-1;-1;100;Client;0;0
Chirurgien;-1;-1;0;-1;0;-1;1;-1;-1;-1;1;0;1;0;0;0;-1;-1;-1;-1;-1;0;0;1;0;1;-1;-1;-1;-1;-1;0;0;-1;0;0;0;-1;-1;-1;-1;1;0;0;0;0;0;-1;0;0;0;-1;-1;-1;-1;0;0;-1;0;1;-1;-1;-1;-1;-1;0;-1;0;-1;-1;25;Public;0;0
Cuisinier;-1;-1;0;-1;0;-1;1;-1;1;-1;-1;0;-1;0;0;0;-1;-1;-1;-1;-1;1;0;-1;0;0;-1;-1;-1;-1;-1;0;0;-1;0;0;0;-1;-1;-1;-1;0;0;0;0;0;0;-1;0;0;0;-1;-1;-1;-1;0;0;-1;0;1;1;-1;-1;-1;-1;0;-1;0;-1;-1;3;Patron;0;0
Pretre/Pasteur;-1;-1;0;1;0;1;-1;-1;-1;1;-1;1;-1;0;0;0;-1;-1;-1;-1;-1;0;0;-1;0;0;-1;-1;-1;-1;-1;0;0;-1;0;0;0;-1;-1;-1;-1;0;1;0;0;0;0;1;0;0;0;-1;-1;-1;-1;1;0;1;0;0;-1;-1;-1;-1;-1;0;-1;0;-1;-1;4;Client;0;0
Notaire;-1;-1;0;1;0;-1;-1;-1;1;1;-1;0;-1;0;0;0;-1;-1;-1;-1;-1;0;0;-1;0;0;-1;-1;-1;-1;-1;0;0;-1;0;0;0;-1;-1;-1;-1;0;1;0;0;1;0;1;0;0;0;-1;-1;-1;-1;0;1;1;0;0;-1;-1;-1;-1;-1;0;-1;0;-1;-1;55;Client;0;0
Charpentier;-1;-1;0;-1;0;-1;-1;0;-1;-1;-1;0;-1;0;0;0;-1;-1;-1;1;-1;0;0;-1;0;0;-1;-1;-1;-1;-1;0;0;-1;0;1;0;-1;-1;-1;-0,5;0;0;1;0;0;0;-1;0,5;0;0;-1;-1;-1;-1;0;0;-1;0;0;-1;1;-1;-1;-1;0;-1;0;-1;1;27;Patron;0;0
Cambusier;-1;-1;0;-1;0;-1;-0,5;0;1;0,5;-1;0;-1;0;0,5;0;-1;-1;-1;-1;-1;0,5;0;-1;0;0;-1;-1;-1;-1;-1;0;-1;-1;0;0;0;-1;-1;-1;-0,5;1;0;0;0;0;0;-1;0,5;0;0;-1;-1;-1;-1;0;0,5;-1;0;0,5;-1;-1;-1;-1;-1;0,5;-1;0;-1;-1;12;Patron;0;0
Calfat;-1;-1;0;-1;0;-1;-1;1;-1;-1;-1;0;-1;0;0;0;-1;-1;1;0,5;-1;0;0;-1;0;0;-1;1;-1;-1;-1;0;0;-1;0;1;0;-1;-1;-1;-0,5;1;0;1;0;0;0;-1;0,5;0;0;-1;-1;-1;-1;0;0;-1;0;0;-1;-1;-1;-1;-1;0;-1;0;-1;1;27;Armateur;0;0
MaitreEquipage;-1;-1;0;-1;0;-1;-1;0;-1;-1;-1;0;-1;0;0;0;0;0;0;-1;-1;0;0;-1;0;0;1;1;-1;-1;-1;0;1;0;0;0;0;-0,5;0;0;-1;0;0;0;1;1;1;0;1;0;0;-1;-1;-1;-1;1;1;-0,5;0;0,75;0,4;0;0;0;0;0,5;0;0,5;-1;-1;12;Armateur;0;0
Voilier;-1;-1;0;-1;0;-1;-1;0;-1;-1;-1;0;-1;0;0;0;-1;-1;-1;0;1;0;0;-1;0;0;1;1;-1;-1;-1;0;0,5;-1;0,5;0;0;-1;-1;-1;-1;1;0;0;1;0;0;-1;0;0;0;-1;-1;-1;-1;0;0;-1;0;-1;-1;-1;-1;-1;-1;0;-1;0;-1;1;27;Armateur;0;0
Pilote;-1;1;0;0;1;-1;-1;-1;-1;1;-1;0;-1;0;0;0;-1;-1;-1;-1;-1;0;0;-1;0;0;-1;-1;-1;1;1;0;0;-1;0;0;0;-1;-1;-1;-1;0;0;0;0,5;0;0;-1;0;0;0;-1;-1;-1;-1;0;0,5;-1;0;-1;-1;-1;-1;-1;-1;-1;-1;0;-1;-1;30;Armateur;0;0
Coq;-1;-1;0;-1;0;-1;1;-1;1;-1;-1;0;-1;0;0;0;-1;-1;-1;-1;-1;1;0;-1;0;0;-1;-1;-1;-1;-1;0;0;-1;0;0;0;-1;-1;-1;-1;0;0;0;0;0;0;-1;0;0;0;-1;-1;-1;-1;0;0;-1;0;1;1;-1;-1;-1;-1;0;-1;0;-1;-1;3;Patron;0;0
Marchand;-1;-1;1;0,5;0,5;-1;-1;-1;1;1;-1;0;0;0;0;0;-1;-1;-1;-1;-1;0;0;-1;0;0;-1;-1;-1;-1;-1;0;-1;-1;0;0;0,5;0;0;-1;-1;1;1;1;1;1;0;1;1;1;0;0;0;0;0;1;1;1;1;-1;-1;-1;-1;-1;-1;-1;-1;-1;-1;-1;;;0;0
