TypeProfession;Balistique;Cartographie;Commerce;Droit;Geographie;Histoire;Herboristerie;Ingénierie navale;Intendance;Lire;Medecine;Religion;Science;Tactique;Agriculture;Art;Pointage;Recharge;Calfatage;Charpenterie;Voilerie;Cuisine;Chasse;Chirurgie;Dressage;Premiers soins;Connaissances nautiques;Connaissances navire;Signalisation;Hydrographie;Navigation;Peche;Pratique nautique;Timonerie;Acrobatie;Athletisme;Discretion;Equitation;Larcins;Natation;Survie;Vigilance;Comedie;Colons;Marins;Empathie;Enseignement;Etiquette;Intimidation;Jeu;Français;Anglais;Espagnol;Portuguais;Neerlandais;MeneurHommes;Persuasion;Politique;Séduction;Dague;Sabre;Hache;Mousquet;Pistolet;Grenade;MainsNue;Escrime;Esquive;Jet1;Artisanat;Salaire;Employeur;EtatMaladie;Cycle
Basique;-1;-1;0;-1;0;-1;-1;-1;-1;-1;-1;0;-1;0;0;0;0;0;-1;-1;-1;0;0;-1;0;0;-1;0;-1;-1;-1;0;0;0;0;0;0;-1;-1;0;-1;0;0;0;0;0;0;-1;0;0;0;0;-1;-1;-1;0;0;-1;0;0;0;0;0;0;0;0;-1;0;-1;-1;9;Armateur;0;0
Acrobate;-1;-1;0;-1;1;-1;-1;-1;-1;-1;-1;0;-1;0;0;0;0;0;-1;-1;-1;0;0;-1;0;0;-1;0;-1;-1;-1;0;0;0;1;1;0;-1;-1;0;-1;1;1;0;0;0;0;-1;0;0;0;0;-1;-1;-1;0;0;-1;0;1;0;0;0;0;0;0;-1;1;-1;-1;9;Armateur;0;0
Chansonnier;-1;-1;0;-1;1;1;-1;-1;-1;1;-1;0;-1;0;0;1;0;0;-1;-1;-1;0;0;-1;0;0;-1;0;-1;-1;-1;0;0;0;0;0;0;-1;1;0;-1;0;0;0;0;1;1;1;0;0;0;0;-1;-1;-1;0;0;-1;1;0;0;0;0;0;0;0;-1;0;-1;-1;9;Armateur;0;0
Comédien;-1;-1;0;-1;0;1;-1;-1;-1;-1;-1;0;-1;0;0;0;0;0;-1;-1;-1;0;0;-1;0;0;-1;0;-1;-1;-1;0;0;0;0;0;0;-1;-1;0;-1;0;1;0;1;1;1;-1;0;0;0;0;-1;-1;-1;0;1;-1;1;0;0;0;0;0;0;0;-1;0;-1;-1;9;Armateur;0;0
Dresseur;-1;-1;0;-1;0;-1;-1;-1;-1;-1;-1;0;-1;0;0;0;0;0;-1;-1;-1;0;0;-1;1;0;-1;0;-1;-1;-1;0;0;0;0;0;0;-1;-1;0;-1;0;1;0;0;1;0;1;1;0;0;0;-1;-1;-1;1;1;-1;0;0;0;0;0;0;0;0;-1;0;-1;-1;9;Armateur;0;0
Ecrivain;-1;-1;0;-1;1;-1;-1;-1;-1;1;-1;0;-1;0;0;0;0;0;-1;-1;-1;0;0;-1;0;0;-1;0;-1;-1;-1;0;0;0;0;0;0;-1;-1;0;-1;0;0;0;1;1;1;-1;0;0;0;1;1;1;1;0;1;1;0;0;0;0;0;0;0;0;-1;0;-1;-1;9;Armateur;0;0
Musicien;-1;-1;0;-1;0;0;-1;-1;-1;1;-1;0;-1;0;0;1;0;0;-1;-1;-1;0;0;-1;0;0;1;1;-1;-1;-1;0;0;0;0;0;0;-1;-1;0;-1;1;0;0;0;0;1;1;0;0;0;0;-1;-1;-1;0;0;-1;0;0;0;0;0;0;0;0;-1;0;-1;-1;9;Armateur;0;0
PeintreMarine;-1;1;0;-1;1;1;-1;-1;-1;-1;-1;0;-1;1;0;1;0;0;-1;-1;-1;0;0;-1;0;0;-1;0;-1;-1;-1;0;0;0;0;0;0;-1;-1;0;-1;0;0;0;0;0;0;-1;0;0;0;0;-1;-1;-1;0;0;-1;0;0;0;0;0;0;0;0;-1;0;-1;-1;9;Armateur;0;0
Artisan;-1;-1;0;-1;0;-1;-1;-1;1;-1;-1;0;-1;0;0;0;0;0;-1;-1;-1;0;0;-1;0;0;-1;0;-1;-1;-1;0;0;0;0;0;0;-1;-1;0;-1;1;0;0;0;0;1;-1;0;0;0;0;-1;-1;-1;0;0;-1;0;0;0;0;0;0;0;0;-1;0;-1;1;9;Armateur;0;0
Bucheron;-1;-1;0;-1;1;-1;-1;-1;-1;-1;-1;0;-1;0;0;0;0;0;-1;-1;-1;0;0;-1;0;0;-1;0;-1;-1;-1;0;0;0;0;1;0;-1;-1;0;1;0;0;0;0;0;0;-1;1;0;0;0;-1;-1;-1;0;0;-1;0;0;0;1;0;0;0;0;-1;0;-1;-1;9;Armateur;0;0
Laquais;-1;-1;0;-1;0;-1;-1;-1;-1;-1;-1;0;-1;0;0;0;0;0;-1;-1;-1;1;0;-1;0;0;-1;0;-1;-1;-1;0;0;0;0;0;0;1;-1;0;-1;0;1;0;0;1;0;1;0;0;0;0;-1;-1;-1;0;1;1;0;0;0;0;0;0;0;0;-1;0;-1;-1;9;Armateur;0;0
Paysan;-1;-1;0;-1;0;-1;-1;-1;-1;-1;-1;0;-1;0;0;0;0;0;-1;-1;-1;0;0;-1;1;0;-1;0;-1;1;-1;0;1;0;0;0;1;1;-1;0;-1;0;0;0;0;0;0;-1;0;0;0;0;-1;-1;-1;0;0;-1;0;0;0;1;0;0;0;0;-1;0;-1;1;9;Armateur;0;0
Pecheur;-1;-1;0;-1;0;-1;-1;-1;-1;-1;-1;0;-1;0;0;0;0;0;-1;-1;-1;0;0;-1;0;0;1;0;-1;1;-1;1;0;0;0;0;0;-1;-1;1;-1;0;0;0;0;0;0;-1;0;0;0;0;-1;-1;-1;0;0;-1;0;0;0;0;0;0;0;0;-1;0;-1;-1;9;Armateur;0;0
Serveuse;-1;-1;0;-1;0;-1;-1;-1;-1;-1;-1;0;-1;0;0;0;0;0;-1;-1;-1;0;0;-1;0;0;-1;0;-1;-1;-1;0;0;0;0;0;0;-1;1;0;-1;0;1;0;1;1;0;1;0;0;0;0;-1;-1;-1;0;0;-1;1;0;0;0;0;0;0;1;-1;0;-1;-1;9;Armateur;0;0
Armateur;-1;-1;1;-1;0;-1;-1;1;-1;1;-1;0;-1;0;0;0;0;0;-1;-1;-1;0;0;-1;0;0;-1;1;-1;-1;-1;0;0;0;0;0;0;-1;-1;0;-1;0;0;0;0;0;0;-1;0;0;0;0;-1;-1;-1;1;0;-1;0;0;0;0;0;0;0;0;-1;0;-1;-1;9;Armateur;0;0
Banquier;-1;-1;1;1;0;-1;-1;-1;1;1;-1;0;-1;0;0;0;0;0;-1;-1;-1;0;0;-1;0;0;-1;0;-1;-1;-1;0;0;0;0;0;0;-1;-1;0;-1;0;0;0;0;0;0;-1;0;0;0;1;1;1;1;0;1;1;0;0;0;0;0;0;0;0;-1;0;-1;-1;9;Armateur;0;0
Commis;-1;-1;1;1;0;-1;-1;-1;1;1;-1;0;-1;0;0;0;0;0;-1;-1;-1;0;0;-1;0;0;-1;0;-1;-1;-1;0;0;0;0;0;0;-1;-1;0;-1;1;0;0;0;0;0;-1;0;0;0;1;1;1;1;0;0;1;0;0;0;0;0;0;0;0;-1;0;-1;-1;9;Armateur;0;0
Notaire;-1;-1;1;1;0;-1;-1;-1;1;1;-1;0;-1;0;0;0;0;0;-1;-1;-1;0;0;-1;0;0;-1;0;-1;-1;-1;0;0;0;0;0;0;-1;-1;0;-1;0;0;0;0;0;0;-1;0;0;0;0;-1;-1;-1;0;1;-1;0;0;0;0;0;0;0;0;-1;0;-1;-1;9;Armateur;0;0
Negociant;-1;-1;1;-1;1;-1;-1;-1;1;1;-1;0;-1;0;0;0;0;0;-1;-1;-1;0;0;-1;0;0;-1;0;-1;-1;-1;0;0;0;0;0;0;-1;-1;0;-1;0;0;0;0;1;0;-1;0;0;0;1;1;1;1;0;0;-1;0;0;0;0;0;0;0;0;-1;0;-1;-1;9;Armateur;0;0
PetitMarchand;-1;-1;0;-1;0;-1;-1;-1;1;-1;-1;0;-1;0;0;0;0;0;-1;-1;-1;0;0;-1;0;0;-1;0;-1;-1;-1;0;0;0;0;0;0;-1;-1;0;-1;1;1;0;0;0;0;-1;0;0;0;1;1;1;1;0;1;-1;1;0;0;0;0;0;0;0;-1;0;-1;-1;9;Armateur;0;0
RicheMarchand;-1;-1;1;-1;1;-1;-1;-1;-1;1;-1;0;-1;0;0;0;0;0;-1;-1;-1;0;0;-1;0;0;-1;1;-1;-1;-1;0;0;0;0;0;0;-1;-1;0;-1;0;0;0;0;1;0;-1;0;0;0;0;-1;-1;-1;1;0;-1;0;0;0;0;0;0;0;0;-1;0;-1;-1;9;Armateur;0;0
Speculateur;-1;-1;1;1;0;-1;-1;-1;1;-1;-1;0;-1;0;0;0;0;0;-1;-1;-1;0;0;-1;0;0;-1;0;-1;-1;-1;0;0;0;0;1;0;-1;-1;0;-1;0;1;0;0;1;0;-1;0;1;0;0;-1;-1;-1;0;0;-1;0;0;0;0;0;0;0;0;-1;0;-1;-1;9;Armateur;0;0
Tenancier;-1;-1;0;-1;0;-1;-1;-1;1;-1;-1;0;-1;0;0;0;0;0;-1;-1;-1;1;0;-1;0;0;-1;0;-1;-1;-1;0;0;0;0;0;0;-1;-1;0;-1;0;1;0;0;1;0;-1;1;1;0;0;-1;-1;-1;0;1;-1;0;0;0;0;0;0;0;0;-1;0;-1;-1;9;Armateur;0;0
Boucanier;-1;-1;0;-1;0;-1;-1;-1;1;-1;-1;0;-1;0;0;0;0;0;-1;-1;-1;0;0;-1;0;1;-1;0;-1;-1;-1;0;0;0;0;0;1;-1;-1;0;1;0;0;0;0;0;0;-1;0;0;0;0;-1;-1;-1;0;0;-1;0;1;0;0;1;0;0;0;-1;0;-1;-1;9;Armateur;0;0
ContreMaitre;-1;-1;0;-1;0;-1;-1;-1;-1;-1;-1;0;-1;0;0;0;0;0;-1;-1;-1;0;0;-1;0;0;-1;0;-1;-1;-1;0;0;0;0;0;0;-1;-1;0;-1;1;0;0;0;0;0;-1;1;0;0;0;-1;-1;-1;0;0;-1;0;0;0;0;1;0;0;1;-1;0;1;-1;9;Armateur;0;0
Engage;-1;-1;0;-1;0;-1;-1;-1;-1;-1;-1;0;-1;0;0;0;0;0;-1;-1;-1;1;0;-1;0;0;-1;0;-1;-1;-1;0;0;0;0;1;1;-1;-1;0;1;1;0;0;0;1;0;-1;0;0;0;0;-1;-1;-1;0;0;-1;0;0;0;0;0;0;0;0;-1;0;-1;-1;9;Armateur;0;0
Flibustier;-1;-1;0;-1;0;-1;-1;-1;-1;-1;-1;0;-1;1;0;0;0;0;-1;-1;-1;0;0;-1;0;1;-1;0;-1;-1;-1;0;1;0;0;0;1;-1;-1;0;-1;0;0;0;0;0;0;-1;0;1;0;0;-1;-1;-1;1;0;-1;0;0;1;0;1;0;0;0;1;0;-1;-1;9;Armateur;0;0
Habitant;-1;-1;0;-1;0;-1;-1;-1;1;-1;-1;0;-1;0;1;0;0;0;-1;1;-1;0;0;-1;0;0;-1;0;-1;-1;-1;0;0;0;0;1;0;-1;-1;0;1;0;0;0;0;0;0;-1;0;1;0;0;-1;-1;-1;1;0;-1;0;0;0;1;0;0;0;0;-1;0;-1;-1;9;Armateur;0;0
Planteur;-1;-1;1;-1;1;-1;-1;-1;1;-1;-1;0;-1;0;1;0;0;0;-1;-1;-1;0;0;-1;0;0;-1;0;-1;-1;-1;0;0;0;0;0;0;-1;-1;0;-1;0;0;0;0;0;0;-1;1;1;0;0;-1;-1;-1;1;0;-1;0;0;0;0;0;0;0;0;-1;0;-1;-1;9;Armateur;0;0
Architecte;-1;1;0;-1;1;-1;-1;-1;-1;1;-1;0;1;0;0;1;0;0;-1;-1;-1;0;0;-1;0;0;-1;0;-1;-1;-1;0;0;0;0;0;0;-1;-1;0;-1;0;0;0;0;0;1;-1;0;0;0;0;-1;-1;-1;0;0;-1;0;0;0;0;0;0;0;0;-1;0;-1;-1;9;Armateur;0;0
Cartographe;-1;1;0;-1;1;-1;-1;-1;-1;1;-1;0;1;0;0;1;0;0;-1;-1;-1;0;0;-1;0;0;-1;0;-1;-1;1;0;0;0;0;0;0;-1;-1;0;-1;0;0;0;0;0;0;-1;0;0;0;0;-1;-1;-1;0;0;-1;0;0;0;0;0;0;0;0;-1;0;-1;-1;9;Armateur;0;0
Chirurgien;-1;-1;0;-1;0;-1;1;-1;-1;-1;1;0;-1;0;0;0;0;0;-1;-1;-1;0;0;1;0;1;-1;0;-1;-1;-1;0;0;0;0;0;0;-1;-1;0;-1;0;0;0;0;0;0;-1;0;0;0;0;-1;-1;-1;0;0;-1;0;1;0;0;0;0;0;0;-1;0;-1;-1;9;Armateur;0;0
IngénieurNaval;-1;-1;0;-1;0;-1;-1;1;-1;-1;-1;0;1;1;0;0;0;0;-1;-1;-1;0;0;-1;0;0;-1;1;-1;-1;-1;0;0;0;0;0;0;-1;-1;0;-1;0;0;0;0;0;0;-1;0;0;0;0;-1;-1;-1;1;0;-1;0;0;0;0;0;0;0;0;-1;0;-1;-1;9;Armateur;0;0
Medecin;-1;-1;0;-1;0;-1;1;-1;-1;1;1;0;1;0;0;0;0;0;-1;-1;-1;0;0;-1;0;1;-1;0;-1;-1;-1;0;0;0;0;0;0;-1;-1;0;-1;0;0;0;0;1;0;-1;0;0;0;0;-1;-1;-1;0;0;-1;0;0;0;0;0;0;0;0;-1;0;-1;-1;9;Armateur;0;0
Philosophe;-1;-1;0;-1;0;1;-1;-1;-1;1;-1;0;1;0;0;0;0;0;-1;-1;-1;0;0;-1;0;0;-1;0;-1;-1;-1;0;0;0;0;0;0;-1;-1;0;-1;0;0;0;0;1;1;-1;0;0;0;0;-1;-1;-1;0;1;1;0;0;0;0;0;0;0;0;-1;0;-1;-1;9;Armateur;0;0
Agitateur;-1;-1;0;-1;0;-1;-1;-1;-1;-1;-1;0;-1;0;0;0;0;0;-1;-1;-1;0;0;-1;0;0;-1;0;-1;-1;-1;0;0;0;0;0;1;-1;-1;0;-1;0;0;0;0;1;1;-1;0;0;0;0;-1;-1;-1;1;1;1;0;0;0;0;0;1;0;0;-1;0;-1;-1;9;Armateur;0;0
AssassinPolitique;-1;-1;0;-1;0;-1;1;-1;-1;-1;-1;0;-1;1;0;0;0;0;-1;-1;-1;0;0;-1;0;0;-1;0;-1;-1;-1;0;0;0;0;0;1;-1;1;0;-1;0;1;0;0;0;0;1;0;0;0;0;-1;-1;-1;0;0;1;0;1;0;0;0;0;0;0;-1;0;-1;-1;9;Armateur;0;0
Bourreau;-1;-1;0;-1;0;-1;-1;-1;-1;-1;-1;0;-1;0;0;0;0;0;-1;-1;-1;0;0;-1;0;0;-1;0;-1;-1;-1;0;0;0;0;0;0;-1;-1;0;-1;0;0;0;0;1;0;1;1;0;0;0;-1;-1;-1;0;0;1;0;0;0;1;0;0;0;0;-1;0;-1;-1;9;Armateur;0;0
Escroc;-1;-1;0;-1;0;-1;-1;-1;-1;-1;-1;0;-1;0;0;0;0;0;-1;-1;-1;0;0;-1;0;0;-1;0;-1;-1;-1;0;0;0;0;1;1;-1;1;0;-1;0;1;0;0;0;0;-1;1;0;0;0;-1;-1;-1;0;1;-1;0;1;0;0;0;0;0;0;-1;0;-1;-1;9;Armateur;0;0
Espion;-1;-1;1;-1;0;-1;-1;-1;-1;-1;-1;0;-1;0;0;0;0;0;-1;-1;-1;0;0;-1;0;0;-1;0;-1;-1;-1;0;0;0;0;1;0;-1;1;0;-1;0;1;0;0;1;0;1;1;0;0;0;-1;-1;-1;0;0;1;0;1;0;0;0;0;0;0;-1;0;-1;-1;9;Armateur;0;0
JoueurProfessionnel;-1;-1;0;-1;0;-1;-1;-1;-1;-1;-1;0;-1;0;0;0;0;0;-1;-1;-1;0;0;-1;0;0;-1;0;-1;-1;-1;0;0;0;0;1;1;-1;-1;0;-1;0;1;0;0;0;0;-1;0;1;0;0;-1;-1;-1;0;0;-1;0;0;0;0;0;1;0;1;-1;0;-1;-1;9;Armateur;0;0
Prostitue;-1;-1;0;-1;0;-1;-1;-1;-1;-1;-1;0;-1;0;0;0;0;0;-1;-1;-1;0;0;-1;0;1;-1;0;-1;-1;-1;0;0;0;0;0;0;-1;1;0;-1;0;0;0;1;1;0;-1;0;0;0;0;-1;-1;-1;0;1;-1;1;0;0;0;0;0;0;1;-1;0;-1;-1;9;Armateur;0;0
Spadassin;-1;-1;0;-1;0;-1;-1;-1;-1;-1;-1;0;-1;0;0;0;0;0;-1;-1;-1;0;0;-1;0;0;-1;0;-1;-1;-1;0;0;0;0;1;1;-1;-1;0;-1;0;0;0;0;0;0;-1;0;0;0;0;-1;-1;-1;0;0;-1;0;1;0;0;0;1;0;0;-1;1;-1;-1;9;Armateur;0;0
Trafiquant;-1;-1;0;1;0;-1;-1;-1;-1;-1;-1;0;-1;0;0;0;0;0;-1;-1;-1;0;0;-1;0;0;-1;0;-1;-1;-1;0;0;0;0;1;1;-1;1;0;-1;0;0;0;0;0;0;-1;1;0;0;1;1;1;1;0;0;-1;0;0;1;0;1;0;0;0;-1;0;-1;-1;9;Armateur;0;0
TrafiquantEsclave;-1;-1;0;-1;1;-1;-1;-1;-1;-1;-1;0;-1;0;0;0;0;0;-1;-1;-1;0;0;-1;0;1;-1;0;-1;-1;-1;0;0;0;0;1;0;-1;-1;0;-1;0;1;0;0;0;0;-1;1;0;0;1;1;1;1;0;0;-1;0;0;0;0;1;0;0;0;-1;0;-1;-1;9;Armateur;0;0
Voleur;-1;-1;0;-1;0;-1;-1;-1;-1;-1;-1;0;-1;0;0;0;0;0;-1;-1;-1;0;0;-1;0;0;-1;0;-1;-1;-1;0;0;0;1;1;1;-1;1;0;-1;1;0;0;0;0;0;-1;0;0;0;0;-1;-1;-1;0;0;-1;0;1;0;0;0;0;0;0;-1;1;-1;-1;9;Armateur;0;0
AsiprantCapitaine;1;-1;0;-1;1;-1;-1;-1;-1;1;-1;0;-1;1;0;0;0;0;-1;-1;-1;0;0;-1;0;0;1;0;1;1;1;0;0;0;0;0;0;-1;-1;0;-1;0;0;0;0;0;0;-1;0;0;0;0;-1;-1;-1;1;0;-1;0;0;1;0;0;1;0;0;-1;0;1;-1;9;Armateur;0;0
AsiprantSecond;-1;-1;0;-1;1;-1;-1;-1;-1;1;-1;0;-1;1;0;0;0;0;-1;-1;-1;0;0;-1;0;0;1;1;1;1;1;0;1;0;0;0;0;-1;-1;0;-1;0;0;0;0;0;0;-1;0;0;0;0;-1;-1;-1;1;0;-1;0;0;1;0;0;1;0;0;-1;0;1;-1;9;Armateur;0;0
AsiprantCanonnier;1;-1;0;-1;0;-1;-1;-1;-1;1;-1;0;-1;1;0;0;1;1;-1;-1;-1;0;0;-1;0;0;1;0;-1;-1;-1;0;0;0;0;0;0;-1;-1;0;-1;0;0;0;0;0;0;-1;0;0;0;0;-1;-1;-1;1;0;-1;0;0;1;0;1;1;0;0;-1;0;1;-1;9;Armateur;0;0
Cambusier;-1;-1;0;-1;0;-1;-1;-1;1;-1;-1;0;-1;0;0;0;0;0;-1;-1;-1;1;0;-1;0;0;-1;1;-1;-1;-1;0;0;0;0;0;0;-1;-1;0;-1;0;0;0;0;0;0;-1;1;0;0;0;-1;-1;-1;0;1;-1;0;0;0;0;0;0;0;0;-1;0;-1;-1;9;Armateur;0;0
Chef de pièce;1;-1;0;-1;0;-1;-1;-1;-1;-1;-1;0;-1;0;0;0;1;1;-1;-1;-1;0;0;-1;0;0;-1;0;-1;-1;-1;0;1;0;0;0;0;-1;-1;0;-1;0;0;0;0;0;0;-1;0;0;0;0;-1;-1;-1;1;0;-1;0;1;1;1;1;1;0;0;-1;1;1;-1;9;Armateur;0;0
Coq;-1;-1;0;-1;0;-1;1;-1;1;-1;-1;0;-1;0;0;0;0;0;-1;-1;-1;1;0;-1;0;0;-1;0;-1;-1;-1;0;0;0;0;0;0;-1;-1;0;-1;1;0;0;0;0;0;-1;0;0;0;0;-1;-1;-1;0;0;-1;0;1;0;1;0;0;0;0;-1;0;-1;-1;9;Armateur;0;0
Enseigne;1;-1;0;-1;0;-1;-1;-1;-1;-1;-1;0;-1;0;0;0;1;1;-1;-1;-1;0;0;-1;0;0;1;0;1;1;-1;0;0;0;0;0;0;-1;-1;0;-1;0;0;0;1;1;0;-1;0;0;0;0;-1;-1;-1;1;0;-1;0;1;0;0;0;1;0;0;-1;1;-1;-1;9;Armateur;0;0
Gabier;-1;-1;0;-1;0;-1;-1;-1;-1;-1;-1;0;-1;0;0;0;0;0;-1;-1;-1;0;0;-1;0;0;1;0;-1;-1;-1;0;1;0;1;1;0;-1;-1;0;-1;0;0;0;1;0;0;-1;0;0;0;0;-1;-1;-1;0;0;-1;0;1;1;1;1;1;0;0;-1;1;-1;-1;9;Armateur;0;0
MaitreCalfat;-1;-1;0;-1;0;-1;-1;1;-1;-1;-1;0;-1;0;0;0;0;0;1;-1;-1;0;0;-1;0;0;1;1;-1;-1;-1;0;0;0;0;0;0;-1;-1;0;-1;1;0;0;0;0;0;-1;0;0;0;0;-1;-1;-1;0;0;-1;0;0;1;0;0;0;0;0;-1;0;-1;-1;9;Armateur;0;0
MaitreCanonnuer;-1;-1;0;-1;0;-1;-1;-1;-1;-1;-1;0;-1;0;0;0;1;1;-1;-1;-1;0;0;-1;0;1;-1;0;-1;-1;-1;0;0;0;0;0;0;-1;-1;0;-1;0;0;0;0;1;1;-1;1;0;0;0;-1;-1;-1;0;0;-1;0;1;1;1;1;1;0;0;-1;1;-1;-1;9;Armateur;0;0
MaitreCharpentier;-1;-1;0;-1;0;-1;-1;1;-1;-1;-1;0;-1;0;0;0;0;0;-1;1;-1;0;0;-1;0;0;1;1;-1;-1;-1;0;0;0;0;0;0;-1;-1;0;-1;1;0;0;0;0;0;-1;0;0;0;0;-1;-1;-1;0;0;-1;0;0;0;1;0;0;0;0;-1;0;-1;-1;9;Armateur;0;0
MaitreEquipage;-1;-1;0;-1;0;-1;-1;0;-1;-1;-1;0;-1;0;0;0;0;0;-1;-1;-1;0;0;-1;0;0;1;0;-1;-1;-1;0;1;0;0;1;0;-1;-1;0;-1;0;0;0;0;1;1;-1;1;0;0;0;-1;-1;-1;0;0;-1;0;1;1;1;1;1;0;0;-1;1;-1;-1;9;Armateur;0;0
MaitreVoilier;-1;-1;0;-1;0;-1;-1;1;-1;-1;-1;0;-1;0;0;0;0;0;-1;-1;1;0;0;-1;0;0;1;1;-1;-1;-1;0;0;0;1;0;0;-1;-1;0;-1;1;0;0;0;0;0;-1;0;0;0;0;-1;-1;-1;0;0;-1;0;1;0;0;0;0;0;0;-1;0;-1;-1;9;Armateur;0;0
Matelot;-1;-1;0;-1;0;-1;-1;0;-1;-1;-1;0;-1;0;0;0;0;0;-1;-1;-1;0;0;-1;0;0;1;0;-1;-1;-1;0;1;0;0;0;0;-1;-1;1;-1;0;0;0;1;0;0;-1;0;0;0;0;-1;-1;-1;0;0;-1;0;1;1;1;1;1;0;0;-1;1;-1;-1;9;Armateur;0;0
Artilleur;-1;-1;0;-1;0;-1;-1;0;-1;-1;-1;0;-1;0;0;0;0;0;-1;-1;-1;0;0;-1;0;0;-1;0;-1;-1;-1;0;0;0;0;1;0;-1;-1;0;-1;0;0;0;0;0;0;-1;0;0;0;0;-1;-1;-1;0;0;-1;0;0;0;0;1;1;0;0;-1;1;-1;-1;9;Armateur;0;0
Mousse;-1;-1;0;-1;0;-1;-1;0;-1;-1;-1;0;-1;0;0;0;1;1;-1;-1;-1;0;0;-1;0;0;1;1;-1;-1;-1;1;1;0;0;1;0;-1;-1;1;-1;0;0;0;1;0;0;-1;0;0;0;0;-1;-1;-1;0;0;-1;0;1;0;0;0;0;0;0;-1;1;-1;-1;9;Armateur;0;0
Vigie;-1;-1;0;-1;0;-1;-1;0;-1;-1;-1;0;-1;0;0;0;0;0;-1;-1;-1;0;0;-1;0;0;-1;1;-1;-1;-1;0;1;0;1;1;0;-1;-1;0;-1;1;0;0;0;0;0;-1;0;0;0;0;-1;-1;-1;0;0;-1;0;0;1;1;1;0;0;0;-1;1;-1;-1;9;Armateur;0;0
Pilote;-1;1;0;-1;1;-1;-1;0;-1;1;-1;0;-1;0;0;0;0;0;-1;-1;-1;0;0;-1;0;0;1;1;-1;1;1;0;0;0;0;0;0;-1;-1;0;-1;0;0;0;0;0;0;-1;0;0;0;0;-1;-1;-1;0;0;-1;0;0;0;0;0;0;0;0;-1;0;-1;-1;9;Armateur;0;0
QuartierMaitre;-1;-1;0;1;0;-1;-1;0;-1;-1;-1;0;-1;0;0;0;0;0;-1;-1;-1;0;0;-1;0;0;1;0;-1;-1;-1;0;1;1;0;0;0;-1;-1;0;-1;0;0;0;0;1;1;-1;0;0;0;0;-1;-1;-1;1;1;-1;0;1;1;1;1;1;0;0;-1;0;-1;-1;9;Armateur;0;0
ServantPiece;-1;-1;0;-1;0;-1;-1;0;-1;-1;-1;0;-1;0;0;0;1;1;-1;-1;-1;0;0;-1;0;0;-1;0;-1;-1;-1;0;1;0;0;0;0;-1;-1;0;-1;1;0;0;0;0;0;-1;0;0;0;0;-1;-1;-1;0;0;-1;0;1;1;1;1;1;0;0;-1;1;-1;-1;9;Armateur;0;0
Cadet;-1;-1;0;-1;0;-1;-1;0;-1;-1;-1;0;-1;0;0;0;1;1;-1;-1;-1;0;0;-1;0;0;-1;0;-1;-1;-1;0;0;0;0;1;0;-1;-1;0;-1;0;0;0;0;0;0;-1;0;0;0;0;-1;-1;-1;0;0;-1;0;0;1;0;1;0;1;0;-1;1;-1;-1;9;Armateur;0;0
Cavalier;-1;-1;0;-1;0;-1;-1;0;-1;-1;-1;0;-1;0;0;0;0;0;-1;-1;-1;0;0;-1;1;0;-1;0;-1;-1;-1;0;0;0;0;0;0;1;-1;0;1;0;0;0;0;0;0;-1;0;0;0;0;-1;-1;-1;0;0;-1;0;0;1;0;0;1;0;0;-1;0;-1;-1;9;Armateur;0;0
Goelier;-1;-1;0;-1;0;-1;-1;0;-1;-1;-1;0;-1;0;0;0;0;0;-1;-1;-1;0;0;-1;0;1;-1;0;-1;-1;-1;0;0;0;0;0;0;-1;-1;0;-1;1;0;0;0;0;0;-1;1;0;0;0;-1;-1;-1;0;0;-1;0;0;0;0;0;0;0;1;-1;0;-1;-1;9;Armateur;0;0
MaitreArme;-1;-1;0;-1;0;-1;-1;0;-1;1;-1;0;-1;1;0;0;0;0;-1;-1;-1;0;0;-1;0;0;-1;0;-1;-1;-1;0;0;0;0;0;0;-1;-1;0;-1;0;0;0;0;0;1;-1;0;0;0;0;-1;-1;-1;0;0;-1;0;1;1;1;1;0;0;0;-1;1;-1;-1;9;Armateur;0;0
MaitreEscrime;-1;-1;0;-1;0;-1;-1;0;-1;-1;-1;0;-1;1;0;0;0;0;-1;-1;-1;0;0;-1;0;0;-1;0;-1;-1;-1;0;0;0;0;0;0;-1;-1;0;-1;0;0;0;0;0;0;-1;0;0;0;0;-1;-1;-1;0;0;-1;0;1;1;0;0;0;0;0;1;1;-1;-1;9;Armateur;0;0
Mousquetaire;-1;-1;0;-1;0;-1;-1;0;-1;-1;-1;0;-1;1;0;0;0;0;-1;-1;-1;0;0;-1;0;0;-1;0;-1;-1;-1;0;0;0;0;1;0;-1;-1;0;-1;0;0;0;0;0;0;1;0;0;0;0;-1;-1;-1;1;0;-1;0;0;1;0;1;0;0;0;1;1;-1;-1;9;Armateur;0;0
OfficierArtillerie;1;-1;0;-1;0;-1;-1;0;-1;-1;-1;0;-1;1;0;0;1;1;-1;-1;-1;0;0;-1;0;0;-1;0;-1;-1;-1;0;0;0;0;0;0;-1;-1;0;-1;0;0;0;0;0;1;1;0;0;0;0;-1;-1;-1;1;0;-1;0;0;0;0;0;0;0;0;-1;0;-1;-1;9;Armateur;0;0
Stratège;1;-1;0;-1;1;-1;-1;0;-1;-1;-1;0;-1;1;0;0;0;0;-1;-1;-1;0;0;-1;0;0;-1;0;-1;-1;-1;0;0;0;0;0;0;1;-1;0;-1;0;0;0;1;0;0;-1;0;0;0;0;-1;-1;-1;0;0;1;0;0;0;0;0;0;0;0;-1;0;-1;-1;9;Armateur;0;0
SousOfficierInfanterie;-1;-1;0;-1;1;-1;-1;0;-1;-1;-1;0;-1;1;0;0;0;0;-1;-1;-1;0;0;-1;0;0;-1;0;-1;-1;-1;0;0;0;0;0;0;1;-1;0;-1;0;0;0;0;0;0;-1;0;0;0;0;-1;-1;-1;1;0;-1;0;0;0;0;0;1;0;0;1;0;1;-1;9;Armateur;0;0
SousOfficierArtillerie;1;-1;0;-1;0;-1;-1;0;-1;-1;-1;0;-1;0;0;0;1;1;-1;-1;-1;0;0;-1;0;0;-1;0;-1;-1;-1;0;0;0;0;0;0;-1;-1;0;-1;0;0;0;0;0;1;-1;1;0;0;0;-1;-1;-1;1;0;-1;0;0;0;0;0;0;0;0;-1;0;1;-1;9;Armateur;0;0
LieutenantInfanterieMarine;-1;-1;0;-1;1;-1;-1;0;-1;-1;-1;0;-1;1;0;0;0;0;-1;-1;-1;0;0;-1;0;0;-1;0;-1;-1;-1;0;0;0;0;0;0;-1;-1;0;-1;0;0;0;0;0;0;-1;0;0;0;0;-1;-1;-1;1;0;-1;0;1;0;0;0;1;0;0;1;0;1;-1;9;Armateur;0;0
OfficierCavalerie;-1;-1;0;-1;1;-1;-1;0;-1;-1;-1;0;-1;1;0;0;0;0;-1;-1;-1;0;0;-1;0;0;-1;0;-1;-1;-1;0;0;0;0;0;0;1;-1;0;-1;0;0;0;0;0;0;-1;0;0;0;0;-1;-1;-1;1;0;-1;0;1;1;0;0;1;0;0;1;0;-1;-1;9;Armateur;0;0
SergentRecruteur;-1;-1;0;-1;0;-1;-1;0;-1;-1;-1;0;-1;0;0;0;0;0;-1;-1;-1;0;0;-1;0;0;-1;0;-1;-1;-1;0;0;0;0;1;0;-1;-1;0;-1;0;1;0;0;1;1;-1;1;1;0;0;-1;-1;-1;0;1;-1;0;0;1;0;0;0;0;1;-1;0;1;-1;9;Armateur;0;0
Bretteur;-1;-1;0;-1;0;-1;-1;0;-1;-1;-1;0;-1;0;0;0;0;0;-1;-1;-1;0;0;-1;0;0;-1;0;-1;-1;-1;0;0;0;1;0;0;-1;-1;0;-1;0;1;0;0;0;0;1;1;0;0;0;-1;-1;-1;0;0;1;0;1;0;0;0;1;0;0;-1;0;-1;-1;9;Armateur;0;0
Conspirateur;-1;-1;0;-1;0;-1;-1;0;-1;-1;-1;0;-1;1;0;0;0;0;-1;-1;-1;0;0;-1;0;0;-1;0;-1;-1;-1;0;0;0;0;1;0;1;-1;0;-1;0;1;0;0;0;0;1;0;0;0;0;-1;-1;-1;1;1;1;0;0;0;0;0;1;0;0;-1;0;-1;-1;9;Armateur;0;0
Courtisan;-1;-1;0;-1;0;-1;-1;0;-1;-1;-1;0;-1;0;0;0;0;0;-1;-1;-1;0;0;-1;0;0;-1;0;-1;-1;-1;0;0;0;0;0;0;1;-1;0;-1;1;0;0;0;0;0;1;0;0;0;0;-1;-1;-1;0;1;1;1;0;0;0;0;0;0;0;-1;0;-1;-1;9;Armateur;0;0
Chasseur;-1;-1;0;-1;1;-1;-1;0;-1;-1;-1;0;-1;0;0;0;0;0;-1;-1;-1;0;1;-1;0;0;0;0;-1;-1;-1;0;0;0;0;1;1;-1;-1;0;1;1;0;0;0;0;0;-1;0;0;0;0;-1;-1;-1;0;0;-1;0;1;0;0;1;0;0;0;-1;0;1;-1;9;Armateur;0;0
Mecene;-1;-1;1;-1;0;-1;-1;0;-1;1;-1;0;-1;0;0;1;0;0;-1;-1;-1;0;0;-1;0;0;0;0;-1;-1;-1;0;0;0;0;0;0;-1;-1;0;-1;0;0;0;0;1;0;-1;0;0;0;0;-1;-1;-1;0;0;1;0;0;0;0;0;0;0;0;-1;0;-1;-1;9;Armateur;0;0
Chef;-1;-1;0;-1;0;-1;-1;0;-1;-1;-1;0;-1;1;0;0;0;0;-1;-1;-1;0;0;-1;0;0;0;0;-1;-1;-1;0;0;0;0;0;0;-1;-1;0;-1;0;0;0;0;1;0;-1;1;0;0;0;-1;-1;-1;1;1;1;0;0;0;1;0;0;0;0;-1;0;1;-1;9;Armateur;0;0
Griot;-1;-1;0;-1;0;-1;-1;0;-1;-1;-1;1;-1;0;0;0;0;0;-1;-1;-1;0;0;-1;0;0;0;0;-1;-1;-1;0;0;0;0;0;0;-1;-1;0;-1;0;0;0;1;0;1;-1;0;0;1;1;1;1;1;0;1;1;0;0;0;0;0;0;0;0;-1;0;-1;-1;9;Armateur;0;0
Guerrier;-1;-1;0;-1;0;-1;-1;0;-1;-1;-1;0;-1;0;0;0;0;0;-1;-1;-1;0;0;-1;0;0;0;0;-1;-1;-1;0;0;0;1;1;1;-1;-1;0;1;0;0;0;0;0;0;-1;0;0;0;0;-1;-1;-1;0;0;-1;0;0;0;1;0;0;0;0;-1;0;1;-1;9;Armateur;0;0
PecheurMosquito;-1;-1;0;-1;1;-1;-1;0;-1;-1;-1;0;-1;0;0;0;0;0;-1;-1;-1;0;0;-1;0;0;0;0;-1;1;-1;1;1;0;0;0;1;-1;-1;0;1;1;0;0;0;0;0;-1;0;0;0;0;-1;-1;-1;0;0;-1;0;0;0;0;0;0;0;0;-1;0;1;-1;9;Armateur;0;0
Pasteur;-1;-1;0;1;0;-1;-1;0;-1;1;-1;1;-1;0;0;0;0;0;-1;-1;-1;0;0;-1;0;0;0;0;-1;-1;-1;0;0;0;0;0;0;-1;-1;0;-1;0;0;0;0;1;0;-1;1;0;0;0;-1;-1;-1;0;1;-1;0;0;0;0;0;0;0;0;-1;0;-1;-1;9;Armateur;0;0
Eveque;-1;-1;1;1;0;-1;-1;0;-1;1;-1;1;-1;0;0;0;0;0;-1;-1;-1;0;0;-1;0;0;0;0;-1;-1;-1;0;0;0;0;0;0;-1;-1;0;-1;0;1;0;0;0;0;1;0;0;0;0;-1;-1;-1;1;1;1;0;0;0;0;0;0;0;0;-1;0;-1;-1;9;Armateur;0;0
;-1;-1;0;-1;0;-1;-1;0;-1;-1;-1;0;-1;0;0;0;0;0;-1;-1;-1;0;0;-1;0;0;0;0;-1;-1;-1;0;0;0;0;0;0;-1;-1;0;-1;0;0;0;0;0;0;-1;0;0;0;0;-1;-1;-1;0;0;-1;0;0;0;0;0;0;0;0;-1;0;-1;-1;9;Armateur;0;0
;-1;-1;0;-1;0;-1;-1;0;-1;-1;-1;0;-1;0;0;0;0;0;-1;-1;-1;0;0;-1;0;0;0;0;-1;-1;-1;0;0;0;0;0;0;-1;-1;0;-1;0;0;0;0;0;0;-1;0;0;0;0;-1;-1;-1;0;0;-1;0;0;0;0;0;0;0;0;-1;0;-1;-1;9;Armateur;0;0
;-1;-1;0;-1;0;-1;-1;0;-1;-1;-1;0;-1;0;0;0;0;0;-1;-1;-1;0;0;-1;0;0;0;0;-1;-1;-1;0;0;0;0;0;0;-1;-1;0;-1;0;0;0;0;0;0;-1;0;0;0;0;-1;-1;-1;0;0;-1;0;0;0;0;0;0;0;0;-1;0;-1;-1;9;Armateur;0;0
;-1;-1;0;-1;0;-1;-1;0;-1;-1;-1;0;-1;0;0;0;0;0;-1;-1;-1;0;0;-1;0;0;0;0;-1;-1;-1;0;0;0;0;0;0;-1;-1;0;-1;0;0;0;0;0;0;-1;0;0;0;0;-1;-1;-1;0;0;-1;0;0;0;0;0;0;0;0;-1;0;-1;-1;9;Armateur;0;0
;-1;-1;0;-1;0;-1;-1;0;-1;-1;-1;0;-1;0;0;0;0;0;-1;-1;-1;0;0;-1;0;0;0;0;-1;-1;-1;0;0;0;0;0;0;-1;-1;0;-1;0;0;0;0;0;0;-1;0;0;0;0;-1;-1;-1;0;0;-1;0;0;0;0;0;0;0;0;-1;0;-1;-1;9;Armateur;0;0
;-1;-1;0;-1;0;-1;-1;0;-1;-1;-1;0;-1;0;0;0;0;0;-1;-1;-1;0;0;-1;0;0;0;0;-1;-1;-1;0;0;0;0;0;0;-1;-1;0;-1;0;0;0;0;0;0;-1;0;0;0;0;-1;-1;-1;0;0;-1;0;0;0;0;0;0;0;0;-1;0;-1;-1;9;Armateur;0;0
;-1;-1;0;-1;0;-1;-1;0;-1;-1;-1;0;-1;0;0;0;0;0;-1;-1;-1;0;0;-1;0;0;0;0;-1;-1;-1;0;0;0;0;0;0;-1;-1;0;-1;0;0;0;0;0;0;-1;0;0;0;0;-1;-1;-1;0;0;-1;0;0;0;0;0;0;0;0;-1;0;-1;-1;9;Armateur;0;0
;-1;-1;0;-1;0;-1;-1;0;-1;-1;-1;0;-1;0;0;0;0;0;-1;-1;-1;0;0;-1;0;0;0;0;-1;-1;-1;0;0;0;0;0;0;-1;-1;0;-1;0;0;0;0;0;0;-1;0;0;0;0;-1;-1;-1;0;0;-1;0;0;0;0;0;0;0;0;-1;0;-1;-1;9;Armateur;0;0
;-1;-1;0;-1;0;-1;-1;0;-1;-1;-1;0;-1;0;0;0;0;0;-1;-1;-1;0;0;-1;0;0;0;0;-1;-1;-1;0;0;0;0;0;0;-1;-1;0;-1;0;0;0;0;0;0;-1;0;0;0;0;-1;-1;-1;0;0;-1;0;0;0;0;0;0;0;0;-1;0;-1;-1;9;Armateur;0;0
;-1;-1;0;-1;0;-1;-1;0;-1;-1;-1;0;-1;0;0;0;0;0;-1;-1;-1;0;0;-1;0;0;0;0;-1;-1;-1;0;0;0;0;0;0;-1;-1;0;-1;0;0;0;0;0;0;-1;0;0;0;0;-1;-1;-1;0;0;-1;0;0;0;0;0;0;0;0;-1;0;-1;-1;9;Armateur;0;0
;-1;-1;0;-1;0;-1;-1;0;-1;-1;-1;0;-1;0;0;0;0;0;-1;-1;-1;0;0;-1;0;0;0;0;-1;-1;-1;0;0;0;0;0;0;-1;-1;0;-1;0;0;0;0;0;0;-1;0;0;0;0;-1;-1;-1;0;0;-1;0;0;0;0;0;0;0;0;-1;0;-1;-1;9;Armateur;0;0
;-1;-1;0;-1;0;-1;-1;0;-1;-1;-1;0;-1;0;0;0;0;0;-1;-1;-1;0;0;-1;0;0;0;0;-1;-1;-1;0;0;0;0;0;0;-1;-1;0;-1;0;0;0;0;0;0;-1;0;0;0;0;-1;-1;-1;0;0;-1;0;0;0;0;0;0;0;0;-1;0;-1;-1;9;Armateur;0;0
;-1;-1;0;-1;0;-1;-1;0;-1;-1;-1;0;-1;0;0;0;0;0;-1;-1;-1;0;0;-1;0;0;0;0;-1;-1;-1;0;0;0;0;0;0;-1;-1;0;-1;0;0;0;0;0;0;-1;0;0;0;0;-1;-1;-1;0;0;-1;0;0;0;0;0;0;0;0;-1;0;-1;-1;9;Armateur;0;0
;-1;-1;0;-1;0;-1;-1;0;-1;-1;-1;0;-1;0;0;0;0;0;-1;-1;-1;0;0;-1;0;0;0;0;-1;-1;-1;0;0;0;0;0;0;-1;-1;0;-1;0;0;0;0;0;0;-1;0;0;0;0;-1;-1;-1;0;0;-1;0;0;0;0;0;0;0;0;-1;0;-1;-1;9;Armateur;0;0
;-1;-1;0;-1;0;-1;-1;0;-1;-1;-1;0;-1;0;0;0;0;0;-1;-1;-1;0;0;-1;0;0;0;0;-1;-1;-1;0;0;0;0;0;0;-1;-1;0;-1;0;0;0;0;0;0;-1;0;0;0;0;-1;-1;-1;0;0;-1;0;0;0;0;0;0;0;0;-1;0;-1;-1;9;Armateur;0;0
;-1;-1;0;-1;0;-1;-1;0;-1;-1;-1;0;-1;0;0;0;0;0;-1;-1;-1;0;0;-1;0;0;0;0;-1;-1;-1;0;0;0;0;0;0;-1;-1;0;-1;0;0;0;0;0;0;-1;0;0;0;0;-1;-1;-1;0;0;-1;0;0;0;0;0;0;0;0;-1;0;-1;-1;9;Armateur;0;0
;-1;-1;0;-1;0;-1;-1;0;-1;-1;-1;0;-1;0;0;0;0;0;-1;-1;-1;0;0;-1;0;0;0;0;-1;-1;-1;0;0;0;0;0;0;-1;-1;0;-1;0;0;0;0;0;0;-1;0;0;0;0;-1;-1;-1;0;0;-1;0;0;0;0;0;0;0;0;-1;0;-1;-1;9;Armateur;0;0
;-1;-1;0;-1;0;-1;-1;0;-1;-1;-1;0;-1;0;0;0;0;0;-1;-1;-1;0;0;-1;0;0;0;0;-1;-1;-1;0;0;0;0;0;0;-1;-1;0;-1;0;0;0;0;0;0;-1;0;0;0;0;-1;-1;-1;0;0;-1;0;0;0;0;0;0;0;0;-1;0;-1;-1;9;Armateur;0;0
;-1;-1;0;-1;0;-1;-1;0;-1;-1;-1;0;-1;0;0;0;0;0;-1;-1;-1;0;0;-1;0;0;0;0;-1;-1;-1;0;0;0;0;0;0;-1;-1;0;-1;0;0;0;0;0;0;-1;0;0;0;0;-1;-1;-1;0;0;-1;0;0;0;0;0;0;0;0;-1;0;-1;-1;9;Armateur;0;0
;-1;-1;0;-1;0;-1;-1;0;-1;-1;-1;0;-1;0;0;0;0;0;-1;-1;-1;0;0;-1;0;0;0;0;-1;-1;-1;0;0;0;0;0;0;-1;-1;0;-1;0;0;0;0;0;0;-1;0;0;0;0;-1;-1;-1;0;0;-1;0;0;0;0;0;0;0;0;-1;0;-1;-1;9;Armateur;0;0
;-1;-1;0;-1;0;-1;-1;0;-1;-1;-1;0;-1;0;0;0;0;0;-1;-1;-1;0;0;-1;0;0;0;0;-1;-1;-1;0;0;0;0;0;0;-1;-1;0;-1;0;0;0;0;0;0;-1;0;0;0;0;-1;-1;-1;0;0;-1;0;0;0;0;0;0;0;0;-1;0;-1;-1;9;Armateur;0;0
;-1;-1;0;-1;0;-1;-1;0;-1;-1;-1;0;-1;0;0;0;0;0;-1;-1;-1;0;0;-1;0;0;0;0;-1;-1;-1;0;0;0;0;0;0;-1;-1;0;-1;0;0;0;0;0;0;-1;0;0;0;0;-1;-1;-1;0;0;-1;0;0;0;0;0;0;0;0;-1;0;-1;-1;9;Armateur;0;0
;-1;-1;0;-1;0;-1;-1;0;-1;-1;-1;0;-1;0;0;0;0;0;-1;-1;-1;0;0;-1;0;0;0;0;-1;-1;-1;0;0;0;0;0;0;-1;-1;0;-1;0;0;0;0;0;0;-1;0;0;0;0;-1;-1;-1;0;0;-1;0;0;0;0;0;0;0;0;-1;0;-1;-1;9;Armateur;0;0
;-1;-1;0;-1;0;-1;-1;0;-1;-1;-1;0;-1;0;0;0;0;0;-1;-1;-1;0;0;-1;0;0;0;0;-1;-1;-1;0;0;0;0;0;0;-1;-1;0;-1;0;0;0;0;0;0;-1;0;0;0;0;-1;-1;-1;0;0;-1;0;0;0;0;0;0;0;0;-1;0;-1;-1;9;Armateur;0;0
;-1;-1;0;-1;0;-1;-1;0;-1;-1;-1;0;-1;0;0;0;0;0;-1;-1;-1;0;0;-1;0;0;0;0;-1;-1;-1;0;0;0;0;0;0;-1;-1;0;-1;0;0;0;0;0;0;-1;0;0;0;0;-1;-1;-1;0;0;-1;0;0;0;0;0;0;0;0;-1;0;-1;-1;9;Armateur;0;0
;-1;-1;0;-1;0;-1;-1;0;-1;-1;-1;0;-1;0;0;0;0;0;-1;-1;-1;0;0;-1;0;0;0;0;-1;-1;-1;0;0;0;0;0;0;-1;-1;0;-1;0;0;0;0;0;0;-1;0;0;0;0;-1;-1;-1;0;0;-1;0;0;0;0;0;0;0;0;-1;0;-1;-1;9;Armateur;0;0
;-1;-1;0;-1;0;-1;-1;0;-1;-1;-1;0;-1;0;0;0;0;0;-1;-1;-1;0;0;-1;0;0;0;0;-1;-1;-1;0;0;0;0;0;0;-1;-1;0;-1;0;0;0;0;0;0;-1;0;0;0;0;-1;-1;-1;0;0;-1;0;0;0;0;0;0;0;0;-1;0;-1;-1;9;Armateur;0;0
;-1;-1;0;-1;0;-1;-1;0;-1;-1;-1;0;-1;0;0;0;0;0;-1;-1;-1;0;0;-1;0;0;0;0;-1;-1;-1;0;0;0;0;0;0;-1;-1;0;-1;0;0;0;0;0;0;-1;0;0;0;0;-1;-1;-1;0;0;-1;0;0;0;0;0;0;0;0;-1;0;-1;-1;9;Armateur;0;0
;-1;-1;0;-1;0;-1;-1;0;-1;-1;-1;0;-1;0;0;0;0;0;-1;-1;-1;0;0;-1;0;0;0;0;-1;-1;-1;0;0;0;0;0;0;-1;-1;0;-1;0;0;0;0;0;0;-1;0;0;0;0;-1;-1;-1;0;0;-1;0;0;0;0;0;0;0;0;-1;0;-1;-1;9;Armateur;0;0
;-1;-1;0;-1;0;-1;-1;0;-1;-1;-1;0;-1;0;0;0;0;0;-1;-1;-1;0;0;-1;0;0;0;0;-1;-1;-1;0;0;0;0;0;0;-1;-1;0;-1;0;0;0;0;0;0;-1;0;0;0;0;-1;-1;-1;0;0;-1;0;0;0;0;0;0;0;0;-1;0;-1;-1;9;Armateur;0;0
;-1;-1;0;-1;0;-1;-1;0;-1;-1;-1;0;-1;0;0;0;0;0;-1;-1;-1;0;0;-1;0;0;0;0;-1;-1;-1;0;0;0;0;0;0;-1;-1;0;-1;0;0;0;0;0;0;-1;0;0;0;0;-1;-1;-1;0;0;-1;0;0;0;0;0;0;0;0;-1;0;-1;-1;9;Armateur;0;0
;-1;-1;0;-1;0;-1;-1;0;-1;-1;-1;0;-1;0;0;0;0;0;-1;-1;-1;0;0;-1;0;0;0;0;-1;-1;-1;0;0;0;0;0;0;-1;-1;0;-1;0;0;0;0;0;0;-1;0;0;0;0;-1;-1;-1;0;0;-1;0;0;0;0;0;0;0;0;-1;0;-1;-1;9;Armateur;0;0
;-1;-1;0;-1;0;-1;-1;0;-1;-1;-1;0;-1;0;0;0;0;0;-1;-1;-1;0;0;-1;0;0;0;0;-1;-1;-1;0;0;0;0;0;0;-1;-1;0;-1;0;0;0;0;0;0;-1;0;0;0;0;-1;-1;-1;0;0;-1;0;0;0;0;0;0;0;0;-1;0;-1;-1;9;Armateur;0;0
;-1;-1;0;-1;0;-1;-1;0;-1;-1;-1;0;-1;0;0;0;0;0;-1;-1;-1;0;0;-1;0;0;0;0;-1;-1;-1;0;0;0;0;0;0;-1;-1;0;-1;0;0;0;0;0;0;-1;0;0;0;0;-1;-1;-1;0;0;-1;0;0;0;0;0;0;0;0;-1;0;-1;-1;9;Armateur;0;0
;-1;-1;0;-1;0;-1;-1;0;-1;-1;-1;0;-1;0;0;0;0;0;-1;-1;-1;0;0;-1;0;0;0;0;-1;-1;-1;0;0;0;0;0;0;-1;-1;0;-1;0;0;0;0;0;0;-1;0;0;0;0;-1;-1;-1;0;0;-1;0;0;0;0;0;0;0;0;-1;0;-1;-1;9;Armateur;0;0
;-1;-1;0;-1;0;-1;-1;0;-1;-1;-1;0;-1;0;0;0;0;0;-1;-1;-1;0;0;-1;0;0;0;0;-1;-1;-1;0;0;0;0;0;0;-1;-1;0;-1;0;0;0;0;0;0;-1;0;0;0;0;-1;-1;-1;0;0;-1;0;0;0;0;0;0;0;0;-1;0;-1;-1;9;Armateur;0;0
;-1;-1;0;-1;0;-1;-1;0;-1;-1;-1;0;-1;0;0;0;0;0;-1;-1;-1;0;0;-1;0;0;0;0;-1;-1;-1;0;0;0;0;0;0;-1;-1;0;-1;0;0;0;0;0;0;-1;0;0;0;0;-1;-1;-1;0;0;-1;0;0;0;0;0;0;0;0;-1;0;-1;-1;9;Armateur;0;0
;-1;-1;0;-1;0;-1;-1;0;-1;-1;-1;0;-1;0;0;0;0;0;-1;-1;-1;0;0;-1;0;0;0;0;-1;-1;-1;0;0;0;0;0;0;-1;-1;0;-1;0;0;0;0;0;0;-1;0;0;0;0;-1;-1;-1;0;0;-1;0;0;0;0;0;0;0;0;-1;0;-1;-1;9;Armateur;0;0
;-1;-1;0;-1;0;-1;-1;0;-1;-1;-1;0;-1;0;0;0;0;0;-1;-1;-1;0;0;-1;0;0;0;0;-1;-1;-1;0;0;0;0;0;0;-1;-1;0;-1;0;0;0;0;0;0;-1;0;0;0;0;-1;-1;-1;0;0;-1;0;0;0;0;0;0;0;0;-1;0;-1;-1;9;Armateur;0;0
;-1;-1;0;-1;0;-1;-1;0;-1;-1;-1;0;-1;0;0;0;0;0;-1;-1;-1;0;0;-1;0;0;0;0;-1;-1;-1;0;0;0;0;0;0;-1;-1;0;-1;0;0;0;0;0;0;-1;0;0;0;0;-1;-1;-1;0;0;-1;0;0;0;0;0;0;0;0;-1;0;-1;-1;9;Armateur;0;0
;-1;-1;0;-1;0;-1;-1;0;-1;-1;-1;0;-1;0;0;0;0;0;-1;-1;-1;0;0;-1;0;0;0;0;-1;-1;-1;0;0;0;0;0;0;-1;-1;0;-1;0;0;0;0;0;0;-1;0;0;0;0;-1;-1;-1;0;0;-1;0;0;0;0;0;0;0;0;-1;0;-1;-1;9;Armateur;0;0
;-1;-1;0;-1;0;-1;-1;0;-1;-1;-1;0;-1;0;0;0;0;0;-1;-1;-1;0;0;-1;0;0;0;0;-1;-1;-1;0;0;0;0;0;0;-1;-1;0;-1;0;0;0;0;0;0;-1;0;0;0;0;-1;-1;-1;0;0;-1;0;0;0;0;0;0;0;0;-1;0;-1;-1;9;Armateur;0;0
;-1;-1;0;-1;0;-1;-1;0;-1;-1;-1;0;-1;0;0;0;0;0;-1;-1;-1;0;0;-1;0;0;0;0;-1;-1;-1;0;0;0;0;0;0;-1;-1;0;-1;0;0;0;0;0;0;-1;0;0;0;0;-1;-1;-1;0;0;-1;0;0;0;0;0;0;0;0;-1;0;-1;-1;9;Armateur;0;0
;-1;-1;0;-1;0;-1;-1;0;-1;-1;-1;0;-1;0;0;0;0;0;-1;-1;-1;0;0;-1;0;0;0;0;-1;-1;-1;0;0;0;0;0;0;-1;-1;0;-1;0;0;0;0;0;0;-1;0;0;0;0;-1;-1;-1;0;0;-1;0;0;0;0;0;0;0;0;-1;0;-1;-1;9;Armateur;0;0
;-1;-1;0;-1;0;-1;-1;0;-1;-1;-1;0;-1;0;0;0;0;0;-1;-1;-1;0;0;-1;0;0;0;0;-1;-1;-1;0;0;0;0;0;0;-1;-1;0;-1;0;0;0;0;0;0;-1;0;0;0;0;-1;-1;-1;0;0;-1;0;0;0;0;0;0;0;0;-1;0;-1;-1;9;Armateur;0;0
;-1;-1;0;-1;0;-1;-1;0;-1;-1;-1;0;-1;0;0;0;0;0;-1;-1;-1;0;0;-1;0;0;0;0;-1;-1;-1;0;0;0;0;0;0;-1;-1;0;-1;0;0;0;0;0;0;-1;0;0;0;0;-1;-1;-1;0;0;-1;0;0;0;0;0;0;0;0;-1;0;-1;-1;9;Armateur;0;0
;-1;-1;0;-1;0;-1;-1;0;-1;-1;-1;0;-1;0;0;0;0;0;-1;-1;-1;0;0;-1;0;0;0;0;-1;-1;-1;0;0;0;0;0;0;-1;-1;0;-1;0;0;0;0;0;0;-1;0;0;0;0;-1;-1;-1;0;0;-1;0;0;0;0;0;0;0;0;-1;0;-1;-1;9;Armateur;0;0
;-1;-1;0;-1;0;-1;-1;0;-1;-1;-1;0;-1;0;0;0;0;0;-1;-1;-1;0;0;-1;0;0;0;0;-1;-1;-1;0;0;0;0;0;0;-1;-1;0;-1;0;0;0;0;0;0;-1;0;0;0;0;-1;-1;-1;0;0;-1;0;0;0;0;0;0;0;0;-1;0;-1;-1;9;Armateur;0;0
;-1;-1;0;-1;0;-1;-1;0;-1;-1;-1;0;-1;0;0;0;0;0;-1;-1;-1;0;0;-1;0;0;0;0;-1;-1;-1;0;0;0;0;0;0;-1;-1;0;-1;0;0;0;0;0;0;-1;0;0;0;0;-1;-1;-1;0;0;-1;0;0;0;0;0;0;0;0;-1;0;-1;-1;9;Armateur;0;0
;-1;-1;0;-1;0;-1;-1;0;-1;-1;-1;0;-1;0;0;0;0;0;-1;-1;-1;0;0;-1;0;0;0;0;-1;-1;-1;0;0;0;0;0;0;-1;-1;0;-1;0;0;0;0;0;0;-1;0;0;0;0;-1;-1;-1;0;0;-1;0;0;0;0;0;0;0;0;-1;0;-1;-1;9;Armateur;0;0
;-1;-1;0;-1;0;-1;-1;0;-1;-1;-1;0;-1;0;0;0;0;0;-1;-1;-1;0;0;-1;0;0;0;0;-1;-1;-1;0;0;0;0;0;0;-1;-1;0;-1;0;0;0;0;0;0;-1;0;0;0;0;-1;-1;-1;0;0;-1;0;0;0;0;0;0;0;0;-1;0;-1;-1;9;Armateur;0;0
;-1;-1;0;-1;0;-1;-1;0;-1;-1;-1;0;-1;0;0;0;0;0;-1;-1;-1;0;0;-1;0;0;0;0;-1;-1;-1;0;0;0;0;0;0;-1;-1;0;-1;0;0;0;0;0;0;-1;0;0;0;0;-1;-1;-1;0;0;-1;0;0;0;0;0;0;0;0;-1;0;-1;-1;9;Armateur;0;0
;-1;-1;0;-1;0;-1;-1;0;-1;-1;-1;0;-1;0;0;0;0;0;-1;-1;-1;0;0;-1;0;0;0;0;-1;-1;-1;0;0;0;0;0;0;-1;-1;0;-1;0;0;0;0;0;0;-1;0;0;0;0;-1;-1;-1;0;0;-1;0;0;0;0;0;0;0;0;-1;0;-1;-1;9;Armateur;0;0
;-1;-1;0;-1;0;-1;-1;0;-1;-1;-1;0;-1;0;0;0;0;0;-1;-1;-1;0;0;-1;0;0;0;0;-1;-1;-1;0;0;0;0;0;0;-1;-1;0;-1;0;0;0;0;0;0;-1;0;0;0;0;-1;-1;-1;0;0;-1;0;0;0;0;0;0;0;0;-1;0;-1;-1;9;Armateur;0;0
;-1;-1;0;-1;0;-1;-1;0;-1;-1;-1;0;-1;0;0;0;0;0;-1;-1;-1;0;0;-1;0;0;0;0;-1;-1;-1;0;0;0;0;0;0;-1;-1;0;-1;0;0;0;0;0;0;-1;0;0;0;0;-1;-1;-1;0;0;-1;0;0;0;0;0;0;0;0;-1;0;-1;-1;9;Armateur;0;0
;-1;-1;0;-1;0;-1;-1;0;-1;-1;-1;0;-1;0;0;0;0;0;-1;-1;-1;0;0;-1;0;0;0;0;-1;-1;-1;0;0;0;0;0;0;-1;-1;0;-1;0;0;0;0;0;0;-1;0;0;0;0;-1;-1;-1;0;0;-1;0;0;0;0;0;0;0;0;-1;0;-1;-1;9;Armateur;0;0
;-1;-1;0;-1;0;-1;-1;0;-1;-1;-1;0;-1;0;0;0;0;0;-1;-1;-1;0;0;-1;0;0;0;0;-1;-1;-1;0;0;0;0;0;0;-1;-1;0;-1;0;0;0;0;0;0;-1;0;0;0;0;-1;-1;-1;0;0;-1;0;0;0;0;0;0;0;0;-1;0;-1;-1;9;Armateur;0;0
;-1;-1;0;-1;0;-1;-1;0;-1;-1;-1;0;-1;0;0;0;0;0;-1;-1;-1;0;0;-1;0;0;0;0;-1;-1;-1;0;0;0;0;0;0;-1;-1;0;-1;0;0;0;0;0;0;-1;0;0;0;0;-1;-1;-1;0;0;-1;0;0;0;0;0;0;0;0;-1;0;-1;-1;9;Armateur;0;0
;-1;-1;0;-1;0;-1;-1;0;-1;-1;-1;0;-1;0;0;0;0;0;-1;-1;-1;0;0;-1;0;0;0;0;-1;-1;-1;0;0;0;0;0;0;-1;-1;0;-1;0;0;0;0;0;0;-1;0;0;0;0;-1;-1;-1;0;0;-1;0;0;0;0;0;0;0;0;-1;0;-1;-1;9;Armateur;0;0
;-1;-1;0;-1;0;-1;-1;0;-1;-1;-1;0;-1;0;0;0;0;0;-1;-1;-1;0;0;-1;0;0;0;0;-1;-1;-1;0;0;0;0;0;0;-1;-1;0;-1;0;0;0;0;0;0;-1;0;0;0;0;-1;-1;-1;0;0;-1;0;0;0;0;0;0;0;0;-1;0;-1;-1;9;Armateur;0;0
;-1;-1;0;-1;0;-1;-1;0;-1;-1;-1;0;-1;0;0;0;0;0;-1;-1;-1;0;0;-1;0;0;0;0;-1;-1;-1;0;0;0;0;0;0;-1;-1;0;-1;0;0;0;0;0;0;-1;0;0;0;0;-1;-1;-1;0;0;-1;0;0;0;0;0;0;0;0;-1;0;-1;-1;9;Armateur;0;0
;-1;-1;0;-1;0;-1;-1;0;-1;-1;-1;0;-1;0;0;0;0;0;-1;-1;-1;0;0;-1;0;0;0;0;-1;-1;-1;0;0;0;0;0;0;-1;-1;0;-1;0;0;0;0;0;0;-1;0;0;0;0;-1;-1;-1;0;0;-1;0;0;0;0;0;0;0;0;-1;0;-1;-1;9;Armateur;0;0
;-1;-1;0;-1;0;-1;-1;0;-1;-1;-1;0;-1;0;0;0;0;0;-1;-1;-1;0;0;-1;0;0;0;0;-1;-1;-1;0;0;0;0;0;0;-1;-1;0;-1;0;0;0;0;0;0;-1;0;0;0;0;-1;-1;-1;0;0;-1;0;0;0;0;0;0;0;0;-1;0;-1;-1;9;Armateur;0;0
;-1;-1;0;-1;0;-1;-1;0;-1;-1;-1;0;-1;0;0;0;0;0;-1;-1;-1;0;0;-1;0;0;0;0;-1;-1;-1;0;0;0;0;0;0;-1;-1;0;-1;0;0;0;0;0;0;-1;0;0;0;0;-1;-1;-1;0;0;-1;0;0;0;0;0;0;0;0;-1;0;-1;-1;9;Armateur;0;0
;-1;-1;0;-1;0;-1;-1;0;-1;-1;-1;0;-1;0;0;0;0;0;-1;-1;-1;0;0;-1;0;0;0;0;-1;-1;-1;0;0;0;0;0;0;-1;-1;0;-1;0;0;0;0;0;0;-1;0;0;0;0;-1;-1;-1;0;0;-1;0;0;0;0;0;0;0;0;-1;0;-1;-1;9;Armateur;0;0
;-1;-1;0;-1;0;-1;-1;0;-1;-1;-1;0;-1;0;0;0;0;0;-1;-1;-1;0;0;-1;0;0;0;0;-1;-1;-1;0;0;0;0;0;0;-1;-1;0;-1;0;0;0;0;0;0;-1;0;0;0;0;-1;-1;-1;0;0;-1;0;0;0;0;0;0;0;0;-1;0;-1;-1;9;Armateur;0;0
;-1;-1;0;-1;0;-1;-1;0;-1;-1;-1;0;-1;0;0;0;0;0;-1;-1;-1;0;0;-1;0;0;0;0;-1;-1;-1;0;0;0;0;0;0;-1;-1;0;-1;0;0;0;0;0;0;-1;0;0;0;0;-1;-1;-1;0;0;-1;0;0;0;0;0;0;0;0;-1;0;-1;-1;9;Armateur;0;0
;-1;-1;0;-1;0;-1;-1;0;-1;-1;-1;0;-1;0;0;0;0;0;-1;-1;-1;0;0;-1;0;0;0;0;-1;-1;-1;0;0;0;0;0;0;-1;-1;0;-1;0;0;0;0;0;0;-1;0;0;0;0;-1;-1;-1;0;0;-1;0;0;0;0;0;0;0;0;-1;0;-1;-1;9;Armateur;0;0
;-1;-1;0;-1;0;-1;-1;0;-1;-1;-1;0;-1;0;0;0;0;0;-1;-1;-1;0;0;-1;0;0;0;0;-1;-1;-1;0;0;0;0;0;0;-1;-1;0;-1;0;0;0;0;0;0;-1;0;0;0;0;-1;-1;-1;0;0;-1;0;0;0;0;0;0;0;0;-1;0;-1;-1;9;Armateur;0;0
;-1;-1;0;-1;0;-1;-1;0;-1;-1;-1;0;-1;0;0;0;0;0;-1;-1;-1;0;0;-1;0;0;0;0;-1;-1;-1;0;0;0;0;0;0;-1;-1;0;-1;0;0;0;0;0;0;-1;0;0;0;0;-1;-1;-1;0;0;-1;0;0;0;0;0;0;0;0;-1;0;-1;-1;9;Armateur;0;0
;-1;-1;0;-1;0;-1;-1;0;-1;-1;-1;0;-1;0;0;0;0;0;-1;-1;-1;0;0;-1;0;0;0;0;-1;-1;-1;0;0;0;0;0;0;-1;-1;0;-1;0;0;0;0;0;0;-1;0;0;0;0;-1;-1;-1;0;0;-1;0;0;0;0;0;0;0;0;-1;0;-1;-1;9;Armateur;0;0
;-1;-1;0;-1;0;-1;-1;0;-1;-1;-1;0;-1;0;0;0;0;0;-1;-1;-1;0;0;-1;0;0;0;0;-1;-1;-1;0;0;0;0;0;0;-1;-1;0;-1;0;0;0;0;0;0;-1;0;0;0;0;-1;-1;-1;0;0;-1;0;0;0;0;0;0;0;0;-1;0;-1;-1;9;Armateur;0;0
;-1;-1;0;-1;0;-1;-1;0;-1;-1;-1;0;-1;0;0;0;0;0;-1;-1;-1;0;0;-1;0;0;0;0;-1;-1;-1;0;0;0;0;0;0;-1;-1;0;-1;0;0;0;0;0;0;-1;0;0;0;0;-1;-1;-1;0;0;-1;0;0;0;0;0;0;0;0;-1;0;-1;-1;9;Armateur;0;0
;-1;-1;0;-1;0;-1;-1;0;-1;-1;-1;0;-1;0;0;0;0;0;-1;-1;-1;0;0;-1;0;0;0;0;-1;-1;-1;0;0;0;0;0;0;-1;-1;0;-1;0;0;0;0;0;0;-1;0;0;0;0;-1;-1;-1;0;0;-1;0;0;0;0;0;0;0;0;-1;0;-1;-1;9;Armateur;0;0
;-1;-1;0;-1;0;-1;-1;0;-1;-1;-1;0;-1;0;0;0;0;0;-1;-1;-1;0;0;-1;0;0;0;0;-1;-1;-1;0;0;0;0;0;0;-1;-1;0;-1;0;0;0;0;0;0;-1;0;0;0;0;-1;-1;-1;0;0;-1;0;0;0;0;0;0;0;0;-1;0;-1;-1;9;Armateur;0;0
;-1;-1;0;-1;0;-1;-1;0;-1;-1;-1;0;-1;0;0;0;0;0;-1;-1;-1;0;0;-1;0;0;0;0;-1;-1;-1;0;0;0;0;0;0;-1;-1;0;-1;0;0;0;0;0;0;-1;0;0;0;0;-1;-1;-1;0;0;-1;0;0;0;0;0;0;0;0;-1;0;-1;-1;9;Armateur;0;0
;-1;-1;0;-1;0;-1;-1;0;-1;-1;-1;0;-1;0;0;0;0;0;-1;-1;-1;0;0;-1;0;0;0;0;-1;-1;-1;0;0;0;0;0;0;-1;-1;0;-1;0;0;0;0;0;0;-1;0;0;0;0;-1;-1;-1;0;0;-1;0;0;0;0;0;0;0;0;-1;0;-1;-1;9;Armateur;0;0
;-1;-1;0;-1;0;-1;-1;0;-1;-1;-1;0;-1;0;0;0;0;0;-1;-1;-1;0;0;-1;0;0;0;0;-1;-1;-1;0;0;0;0;0;0;-1;-1;0;-1;0;0;0;0;0;0;-1;0;0;0;0;-1;-1;-1;0;0;-1;0;0;0;0;0;0;0;0;-1;0;-1;-1;9;Armateur;0;0
;-1;-1;0;-1;0;-1;-1;0;-1;-1;-1;0;-1;0;0;0;0;0;-1;-1;-1;0;0;-1;0;0;0;0;-1;-1;-1;0;0;0;0;0;0;-1;-1;0;-1;0;0;0;0;0;0;-1;0;0;0;0;-1;-1;-1;0;0;-1;0;0;0;0;0;0;0;0;-1;0;-1;-1;9;Armateur;0;0
;-1;-1;0;-1;0;-1;-1;0;-1;-1;-1;0;-1;0;0;0;0;0;-1;-1;-1;0;0;-1;0;0;0;0;-1;-1;-1;0;0;0;0;0;0;-1;-1;0;-1;0;0;0;0;0;0;-1;0;0;0;0;-1;-1;-1;0;0;-1;0;0;0;0;0;0;0;0;-1;0;-1;-1;9;Armateur;0;0
;-1;-1;0;-1;0;-1;-1;0;-1;-1;-1;0;-1;0;0;0;0;0;-1;-1;-1;0;0;-1;0;0;0;0;-1;-1;-1;0;0;0;0;0;0;-1;-1;0;-1;0;0;0;0;0;0;-1;0;0;0;0;-1;-1;-1;0;0;-1;0;0;0;0;0;0;0;0;-1;0;-1;-1;9;Armateur;0;0
;-1;-1;0;-1;0;-1;-1;0;-1;-1;-1;0;-1;0;0;0;0;0;-1;-1;-1;0;0;-1;0;0;0;0;-1;-1;-1;0;0;0;0;0;0;-1;-1;0;-1;0;0;0;0;0;0;-1;0;0;0;0;-1;-1;-1;0;0;-1;0;0;0;0;0;0;0;0;-1;0;-1;-1;9;Armateur;0;0
;-1;-1;0;-1;0;-1;-1;0;-1;-1;-1;0;-1;0;0;0;0;0;-1;-1;-1;0;0;-1;0;0;0;0;-1;-1;-1;0;0;0;0;0;0;-1;-1;0;-1;0;0;0;0;0;0;-1;0;0;0;0;-1;-1;-1;0;0;-1;0;0;0;0;0;0;0;0;-1;0;-1;-1;9;Armateur;0;0
;-1;-1;0;-1;0;-1;-1;0;-1;-1;-1;0;-1;0;0;0;0;0;-1;-1;-1;0;0;-1;0;0;0;0;-1;-1;-1;0;0;0;0;0;0;-1;-1;0;-1;0;0;0;0;0;0;-1;0;0;0;0;-1;-1;-1;0;0;-1;0;0;0;0;0;0;0;0;-1;0;-1;-1;9;Armateur;0;0
;-1;-1;0;-1;0;-1;-1;0;-1;-1;-1;0;-1;0;0;0;0;0;-1;-1;-1;0;0;-1;0;0;0;0;-1;-1;-1;0;0;0;0;0;0;-1;-1;0;-1;0;0;0;0;0;0;-1;0;0;0;0;-1;-1;-1;0;0;-1;0;0;0;0;0;0;0;0;-1;0;-1;-1;9;Armateur;0;0
;-1;-1;0;-1;0;-1;-1;0;-1;-1;-1;0;-1;0;0;0;0;0;-1;-1;-1;0;0;-1;0;0;0;0;-1;-1;-1;0;0;0;0;0;0;-1;-1;0;-1;0;0;0;0;0;0;-1;0;0;0;0;-1;-1;-1;0;0;-1;0;0;0;0;0;0;0;0;-1;0;-1;-1;9;Armateur;0;0
;-1;-1;0;-1;0;-1;-1;0;-1;-1;-1;0;-1;0;0;0;0;0;-1;-1;-1;0;0;-1;0;0;0;0;-1;-1;-1;0;0;0;0;0;0;-1;-1;0;-1;0;0;0;0;0;0;-1;0;0;0;0;-1;-1;-1;0;0;-1;0;0;0;0;0;0;0;0;-1;0;-1;-1;9;Armateur;0;0
;-1;-1;0;-1;0;-1;-1;0;-1;-1;-1;0;-1;0;0;0;0;0;-1;-1;-1;0;0;-1;0;0;0;0;-1;-1;-1;0;0;0;0;0;0;-1;-1;0;-1;0;0;0;0;0;0;-1;0;0;0;0;-1;-1;-1;0;0;-1;0;0;0;0;0;0;0;0;-1;0;-1;-1;9;Armateur;0;0
;-1;-1;0;-1;0;-1;-1;0;-1;-1;-1;0;-1;0;0;0;0;0;-1;-1;-1;0;0;-1;0;0;0;0;-1;-1;-1;0;0;0;0;0;0;-1;-1;0;-1;0;0;0;0;0;0;-1;0;0;0;0;-1;-1;-1;0;0;-1;0;0;0;0;0;0;0;0;-1;0;-1;-1;9;Armateur;0;0
;-1;-1;0;-1;0;-1;-1;0;-1;-1;-1;0;-1;0;0;0;0;0;-1;-1;-1;0;0;-1;0;0;0;0;-1;-1;-1;0;0;0;0;0;0;-1;-1;0;-1;0;0;0;0;0;0;-1;0;0;0;0;-1;-1;-1;0;0;-1;0;0;0;0;0;0;0;0;-1;0;-1;-1;9;Armateur;0;0
;-1;-1;0;-1;0;-1;-1;0;-1;-1;-1;0;-1;0;0;0;0;0;-1;-1;-1;0;0;-1;0;0;0;0;-1;-1;-1;0;0;0;0;0;0;-1;-1;0;-1;0;0;0;0;0;0;-1;0;0;0;0;-1;-1;-1;0;0;-1;0;0;0;0;0;0;0;0;-1;0;-1;-1;9;Armateur;0;0
;-1;-1;0;-1;0;-1;-1;0;-1;-1;-1;0;-1;0;0;0;0;0;-1;-1;-1;0;0;-1;0;0;0;0;-1;-1;-1;0;0;0;0;0;0;-1;-1;0;-1;0;0;0;0;0;0;-1;0;0;0;0;-1;-1;-1;0;0;-1;0;0;0;0;0;0;0;0;-1;0;-1;-1;9;Armateur;0;0
;-1;-1;0;-1;0;-1;-1;0;-1;-1;-1;0;-1;0;0;0;0;0;-1;-1;-1;0;0;-1;0;0;0;0;-1;-1;-1;0;0;0;0;0;0;-1;-1;0;-1;0;0;0;0;0;0;-1;0;0;0;0;-1;-1;-1;0;0;-1;0;0;0;0;0;0;0;0;-1;0;-1;-1;9;Armateur;0;0
;-1;-1;0;-1;0;-1;-1;0;-1;-1;-1;0;-1;0;0;0;0;0;-1;-1;-1;0;0;-1;0;0;0;0;-1;-1;-1;0;0;0;0;0;0;-1;-1;0;-1;0;0;0;0;0;0;-1;0;0;0;0;-1;-1;-1;0;0;-1;0;0;0;0;0;0;0;0;-1;0;-1;-1;9;Armateur;0;0
;-1;-1;0;-1;0;-1;-1;0;-1;-1;-1;0;-1;0;0;0;0;0;-1;-1;-1;0;0;-1;0;0;0;0;-1;-1;-1;0;0;0;0;0;0;-1;-1;0;-1;0;0;0;0;0;0;-1;0;0;0;0;-1;-1;-1;0;0;-1;0;0;0;0;0;0;0;0;-1;0;-1;-1;9;Armateur;0;0
;-1;-1;0;-1;0;-1;-1;0;-1;-1;-1;0;-1;0;0;0;0;0;-1;-1;-1;0;0;-1;0;0;0;0;-1;-1;-1;0;0;0;0;0;0;-1;-1;0;-1;0;0;0;0;0;0;-1;0;0;0;0;-1;-1;-1;0;0;-1;0;0;0;0;0;0;0;0;-1;0;-1;-1;9;Armateur;0;0
;-1;-1;0;-1;0;-1;-1;0;-1;-1;-1;0;-1;0;0;0;0;0;-1;-1;-1;0;0;-1;0;0;0;0;-1;-1;-1;0;0;0;0;0;0;-1;-1;0;-1;0;0;0;0;0;0;-1;0;0;0;0;-1;-1;-1;0;0;-1;0;0;0;0;0;0;0;0;-1;0;-1;-1;9;Armateur;0;0
;-1;-1;0;-1;0;-1;-1;0;-1;-1;-1;0;-1;0;0;0;0;0;-1;-1;-1;0;0;-1;0;0;0;0;-1;-1;-1;0;0;0;0;0;0;-1;-1;0;-1;0;0;0;0;0;0;-1;0;0;0;0;-1;-1;-1;0;0;-1;0;0;0;0;0;0;0;0;-1;0;-1;-1;9;Armateur;0;0
;-1;-1;0;-1;0;-1;-1;0;-1;-1;-1;0;-1;0;0;0;0;0;-1;-1;-1;0;0;-1;0;0;0;0;-1;-1;-1;0;0;0;0;0;0;-1;-1;0;-1;0;0;0;0;0;0;-1;0;0;0;0;-1;-1;-1;0;0;-1;0;0;0;0;0;0;0;0;-1;0;-1;-1;9;Armateur;0;0
;-1;-1;0;-1;0;-1;-1;0;-1;-1;-1;0;-1;0;0;0;0;0;-1;-1;-1;0;0;-1;0;0;0;0;-1;-1;-1;0;0;0;0;0;0;-1;-1;0;-1;0;0;0;0;0;0;-1;0;0;0;0;-1;-1;-1;0;0;-1;0;0;0;0;0;0;0;0;-1;0;-1;-1;9;Armateur;0;0
;-1;-1;0;-1;0;-1;-1;0;-1;-1;-1;0;-1;0;0;0;0;0;-1;-1;-1;0;0;-1;0;0;0;0;-1;-1;-1;0;0;0;0;0;0;-1;-1;0;-1;0;0;0;0;0;0;-1;0;0;0;0;-1;-1;-1;0;0;-1;0;0;0;0;0;0;0;0;-1;0;-1;-1;9;Armateur;0;0
;-1;-1;0;-1;0;-1;-1;0;-1;-1;-1;0;-1;0;0;0;0;0;-1;-1;-1;0;0;-1;0;0;0;0;-1;-1;-1;0;0;0;0;0;0;-1;-1;0;-1;0;0;0;0;0;0;-1;0;0;0;0;-1;-1;-1;0;0;-1;0;0;0;0;0;0;0;0;-1;0;-1;-1;9;Armateur;0;0
;-1;-1;0;-1;0;-1;-1;0;-1;-1;-1;0;-1;0;0;0;0;0;-1;-1;-1;0;0;-1;0;0;0;0;-1;-1;-1;0;0;0;0;0;0;-1;-1;0;-1;0;0;0;0;0;0;-1;0;0;0;0;-1;-1;-1;0;0;-1;0;0;0;0;0;0;0;0;-1;0;-1;-1;9;Armateur;0;0
;-1;-1;0;-1;0;-1;-1;0;-1;-1;-1;0;-1;0;0;0;0;0;-1;-1;-1;0;0;-1;0;0;0;0;-1;-1;-1;0;0;0;0;0;0;-1;-1;0;-1;0;0;0;0;0;0;-1;0;0;0;0;-1;-1;-1;0;0;-1;0;0;0;0;0;0;0;0;-1;0;-1;-1;9;Armateur;0;0
;-1;-1;0;-1;0;-1;-1;0;-1;-1;-1;0;-1;0;0;0;0;0;-1;-1;-1;0;0;-1;0;0;0;0;-1;-1;-1;0;0;0;0;0;0;-1;-1;0;-1;0;0;0;0;0;0;-1;0;0;0;0;-1;-1;-1;0;0;-1;0;0;0;0;0;0;0;0;-1;0;-1;-1;9;Armateur;0;0
;-1;-1;0;-1;0;-1;-1;0;-1;-1;-1;0;-1;0;0;0;0;0;-1;-1;-1;0;0;-1;0;0;0;0;-1;-1;-1;0;0;0;0;0;0;-1;-1;0;-1;0;0;0;0;0;0;-1;0;0;0;0;-1;-1;-1;0;0;-1;0;0;0;0;0;0;0;0;-1;0;-1;-1;9;Armateur;0;0
;-1;-1;0;-1;0;-1;-1;0;-1;-1;-1;0;-1;0;0;0;0;0;-1;-1;-1;0;0;-1;0;0;0;0;-1;-1;-1;0;0;0;0;0;0;-1;-1;0;-1;0;0;0;0;0;0;-1;0;0;0;0;-1;-1;-1;0;0;-1;0;0;0;0;0;0;0;0;-1;0;-1;-1;9;Armateur;0;0
;-1;-1;0;-1;0;-1;-1;0;-1;-1;-1;0;-1;0;0;0;0;0;-1;-1;-1;0;0;-1;0;0;0;0;-1;-1;-1;0;0;0;0;0;0;-1;-1;0;-1;0;0;0;0;0;0;-1;0;0;0;0;-1;-1;-1;0;0;-1;0;0;0;0;0;0;0;0;-1;0;-1;-1;9;Armateur;0;0
;-1;-1;0;-1;0;-1;-1;0;-1;-1;-1;0;-1;0;0;0;0;0;-1;-1;-1;0;0;-1;0;0;0;0;-1;-1;-1;0;0;0;0;0;0;-1;-1;0;-1;0;0;0;0;0;0;-1;0;0;0;0;-1;-1;-1;0;0;-1;0;0;0;0;0;0;0;0;-1;0;-1;-1;9;Armateur;0;0
;-1;-1;0;-1;0;-1;-1;0;-1;-1;-1;0;-1;0;0;0;0;0;-1;-1;-1;0;0;-1;0;0;0;0;-1;-1;-1;0;0;0;0;0;0;-1;-1;0;-1;0;0;0;0;0;0;-1;0;0;0;0;-1;-1;-1;0;0;-1;0;0;0;0;0;0;0;0;-1;0;-1;-1;9;Armateur;0;0
;-1;-1;0;-1;0;-1;-1;0;-1;-1;-1;0;-1;0;0;0;0;0;-1;-1;-1;0;0;-1;0;0;0;0;-1;-1;-1;0;0;0;0;0;0;-1;-1;0;-1;0;0;0;0;0;0;-1;0;0;0;0;-1;-1;-1;0;0;-1;0;0;0;0;0;0;0;0;-1;0;-1;-1;9;Armateur;0;0
;-1;-1;0;-1;0;-1;-1;0;-1;-1;-1;0;-1;0;0;0;0;0;-1;-1;-1;0;0;-1;0;0;0;0;-1;-1;-1;0;0;0;0;0;0;-1;-1;0;-1;0;0;0;0;0;0;-1;0;0;0;0;-1;-1;-1;0;0;-1;0;0;0;0;0;0;0;0;-1;0;-1;-1;9;Armateur;0;0
;-1;-1;0;-1;0;-1;-1;0;-1;-1;-1;0;-1;0;0;0;0;0;-1;-1;-1;0;0;-1;0;0;0;0;-1;-1;-1;0;0;0;0;0;0;-1;-1;0;-1;0;0;0;0;0;0;-1;0;0;0;0;-1;-1;-1;0;0;-1;0;0;0;0;0;0;0;0;-1;0;-1;-1;9;Armateur;0;0
;-1;-1;0;-1;0;-1;-1;0;-1;-1;-1;0;-1;0;0;0;0;0;-1;-1;-1;0;0;-1;0;0;0;0;-1;-1;-1;0;0;0;0;0;0;-1;-1;0;-1;0;0;0;0;0;0;-1;0;0;0;0;-1;-1;-1;0;0;-1;0;0;0;0;0;0;0;0;-1;0;-1;-1;9;Armateur;0;0
;-1;-1;0;-1;0;-1;-1;0;-1;-1;-1;0;-1;0;0;0;0;0;-1;-1;-1;0;0;-1;0;0;0;0;-1;-1;-1;0;0;0;0;0;0;-1;-1;0;-1;0;0;0;0;0;0;-1;0;0;0;0;-1;-1;-1;0;0;-1;0;0;0;0;0;0;0;0;-1;0;-1;-1;9;Armateur;0;0
;-1;-1;0;-1;0;-1;-1;0;-1;-1;-1;0;-1;0;0;0;0;0;-1;-1;-1;0;0;-1;0;0;0;0;-1;-1;-1;0;0;0;0;0;0;-1;-1;0;-1;0;0;0;0;0;0;-1;0;0;0;0;-1;-1;-1;0;0;-1;0;0;0;0;0;0;0;0;-1;0;-1;-1;9;Armateur;0;0
;-1;-1;0;-1;0;-1;-1;0;-1;-1;-1;0;-1;0;0;0;0;0;-1;-1;-1;0;0;-1;0;0;0;0;-1;-1;-1;0;0;0;0;0;0;-1;-1;0;-1;0;0;0;0;0;0;-1;0;0;0;0;-1;-1;-1;0;0;-1;0;0;0;0;0;0;0;0;-1;0;-1;-1;9;Armateur;0;0
;-1;-1;0;-1;0;-1;-1;0;-1;-1;-1;0;-1;0;0;0;0;0;-1;-1;-1;0;0;-1;0;0;0;0;-1;-1;-1;0;0;0;0;0;0;-1;-1;0;-1;0;0;0;0;0;0;-1;0;0;0;0;-1;-1;-1;0;0;-1;0;0;0;0;0;0;0;0;-1;0;-1;-1;9;Armateur;0;0
;-1;-1;0;-1;0;-1;-1;0;-1;-1;-1;0;-1;0;0;0;0;0;-1;-1;-1;0;0;-1;0;0;0;0;-1;-1;-1;0;0;0;0;0;0;-1;-1;0;-1;0;0;0;0;0;0;-1;0;0;0;0;-1;-1;-1;0;0;-1;0;0;0;0;0;0;0;0;-1;0;-1;-1;9;Armateur;0;0
;-1;-1;0;-1;0;-1;-1;0;-1;-1;-1;0;-1;0;0;0;0;0;-1;-1;-1;0;0;-1;0;0;0;0;-1;-1;-1;0;0;0;0;0;0;-1;-1;0;-1;0;0;0;0;0;0;-1;0;0;0;0;-1;-1;-1;0;0;-1;0;0;0;0;0;0;0;0;-1;0;-1;-1;9;Armateur;0;0
;-1;-1;0;-1;0;-1;-1;0;-1;-1;-1;0;-1;0;0;0;0;0;-1;-1;-1;0;0;-1;0;0;0;0;-1;-1;-1;0;0;0;0;0;0;-1;-1;0;-1;0;0;0;0;0;0;-1;0;0;0;0;-1;-1;-1;0;0;-1;0;0;0;0;0;0;0;0;-1;0;-1;-1;9;Armateur;0;0
;-1;-1;0;-1;0;-1;-1;0;-1;-1;-1;0;-1;0;0;0;0;0;-1;-1;-1;0;0;-1;0;0;0;0;-1;-1;-1;0;0;0;0;0;0;-1;-1;0;-1;0;0;0;0;0;0;-1;0;0;0;0;-1;-1;-1;0;0;-1;0;0;0;0;0;0;0;0;-1;0;-1;-1;9;Armateur;0;0
;-1;-1;0;-1;0;-1;-1;0;-1;-1;-1;0;-1;0;0;0;0;0;-1;-1;-1;0;0;-1;0;0;0;0;-1;-1;-1;0;0;0;0;0;0;-1;-1;0;-1;0;0;0;0;0;0;-1;0;0;0;0;-1;-1;-1;0;0;-1;0;0;0;0;0;0;0;0;-1;0;-1;-1;9;Armateur;0;0
;-1;-1;0;-1;0;-1;-1;0;-1;-1;-1;0;-1;0;0;0;0;0;-1;-1;-1;0;0;-1;0;0;0;0;-1;-1;-1;0;0;0;0;0;0;-1;-1;0;-1;0;0;0;0;0;0;-1;0;0;0;0;-1;-1;-1;0;0;-1;0;0;0;0;0;0;0;0;-1;0;-1;-1;9;Armateur;0;0
;-1;-1;0;-1;0;-1;-1;0;-1;-1;-1;0;-1;0;0;0;0;0;-1;-1;-1;0;0;-1;0;0;0;0;-1;-1;-1;0;0;0;0;0;0;-1;-1;0;-1;0;0;0;0;0;0;-1;0;0;0;0;-1;-1;-1;0;0;-1;0;0;0;0;0;0;0;0;-1;0;-1;-1;9;Armateur;0;0
;-1;-1;0;-1;0;-1;-1;0;-1;-1;-1;0;-1;0;0;0;0;0;-1;-1;-1;0;0;-1;0;0;0;0;-1;-1;-1;0;0;0;0;0;0;-1;-1;0;-1;0;0;0;0;0;0;-1;0;0;0;0;-1;-1;-1;0;0;-1;0;0;0;0;0;0;0;0;-1;0;-1;-1;9;Armateur;0;0
;-1;-1;0;-1;0;-1;-1;0;-1;-1;-1;0;-1;0;0;0;0;0;-1;-1;-1;0;0;-1;0;0;0;0;-1;-1;-1;0;0;0;0;0;0;-1;-1;0;-1;0;0;0;0;0;0;-1;0;0;0;0;-1;-1;-1;0;0;-1;0;0;0;0;0;0;0;0;-1;0;-1;-1;9;Armateur;0;0
;-1;-1;0;-1;0;-1;-1;0;-1;-1;-1;0;-1;0;0;0;0;0;-1;-1;-1;0;0;-1;0;0;0;0;-1;-1;-1;0;0;0;0;0;0;-1;-1;0;-1;0;0;0;0;0;0;-1;0;0;0;0;-1;-1;-1;0;0;-1;0;0;0;0;0;0;0;0;-1;0;-1;-1;9;Armateur;0;0
;-1;-1;0;-1;0;-1;-1;0;-1;-1;-1;0;-1;0;0;0;0;0;-1;-1;-1;0;0;-1;0;0;0;0;-1;-1;-1;0;0;0;0;0;0;-1;-1;0;-1;0;0;0;0;0;0;-1;0;0;0;0;-1;-1;-1;0;0;-1;0;0;0;0;0;0;0;0;-1;0;-1;-1;9;Armateur;0;0
;-1;-1;0;-1;0;-1;-1;0;-1;-1;-1;0;-1;0;0;0;0;0;-1;-1;-1;0;0;-1;0;0;0;0;-1;-1;-1;0;0;0;0;0;0;-1;-1;0;-1;0;0;0;0;0;0;-1;0;0;0;0;-1;-1;-1;0;0;-1;0;0;0;0;0;0;0;0;-1;0;-1;-1;9;Armateur;0;0
;-1;-1;0;-1;0;-1;-1;0;-1;-1;-1;0;-1;0;0;0;0;0;-1;-1;-1;0;0;-1;0;0;0;0;-1;-1;-1;0;0;0;0;0;0;-1;-1;0;-1;0;0;0;0;0;0;-1;0;0;0;0;-1;-1;-1;0;0;-1;0;0;0;0;0;0;0;0;-1;0;-1;-1;9;Armateur;0;0
;-1;-1;0;-1;0;-1;-1;0;-1;-1;-1;0;-1;0;0;0;0;0;-1;-1;-1;0;0;-1;0;0;0;0;-1;-1;-1;0;0;0;0;0;0;-1;-1;0;-1;0;0;0;0;0;0;-1;0;0;0;0;-1;-1;-1;0;0;-1;0;0;0;0;0;0;0;0;-1;0;-1;-1;9;Armateur;0;0
;-1;-1;0;-1;0;-1;-1;0;-1;-1;-1;0;-1;0;0;0;0;0;-1;-1;-1;0;0;-1;0;0;0;0;-1;-1;-1;0;0;0;0;0;0;-1;-1;0;-1;0;0;0;0;0;0;-1;0;0;0;0;-1;-1;-1;0;0;-1;0;0;0;0;0;0;0;0;-1;0;-1;-1;9;Armateur;0;0
;-1;-1;0;-1;0;-1;-1;0;-1;-1;-1;0;-1;0;0;0;0;0;-1;-1;-1;0;0;-1;0;0;0;0;-1;-1;-1;0;0;0;0;0;0;-1;-1;0;-1;0;0;0;0;0;0;-1;0;0;0;0;-1;-1;-1;0;0;-1;0;0;0;0;0;0;0;0;-1;0;-1;-1;9;Armateur;0;0
;-1;-1;0;-1;0;-1;-1;0;-1;-1;-1;0;-1;0;0;0;0;0;-1;-1;-1;0;0;-1;0;0;0;0;-1;-1;-1;0;0;0;0;0;0;-1;-1;0;-1;0;0;0;0;0;0;-1;0;0;0;0;-1;-1;-1;0;0;-1;0;0;0;0;0;0;0;0;-1;0;-1;-1;9;Armateur;0;0
;-1;-1;0;-1;0;-1;-1;0;-1;-1;-1;0;-1;0;0;0;0;0;-1;-1;-1;0;0;-1;0;0;0;0;-1;-1;-1;0;0;0;0;0;0;-1;-1;0;-1;0;0;0;0;0;0;-1;0;0;0;0;-1;-1;-1;0;0;-1;0;0;0;0;0;0;0;0;-1;0;-1;-1;9;Armateur;0;0
;-1;-1;0;-1;0;-1;-1;0;-1;-1;-1;0;-1;0;0;0;0;0;-1;-1;-1;0;0;-1;0;0;0;0;-1;-1;-1;0;0;0;0;0;0;-1;-1;0;-1;0;0;0;0;0;0;-1;0;0;0;0;-1;-1;-1;0;0;-1;0;0;0;0;0;0;0;0;-1;0;-1;-1;9;Armateur;0;0
;-1;-1;0;-1;0;-1;-1;0;-1;-1;-1;0;-1;0;0;0;0;0;-1;-1;-1;0;0;-1;0;0;0;0;-1;-1;-1;0;0;0;0;0;0;-1;-1;0;-1;0;0;0;0;0;0;-1;0;0;0;0;-1;-1;-1;0;0;-1;0;0;0;0;0;0;0;0;-1;0;-1;-1;9;Armateur;0;0
;-1;-1;0;-1;0;-1;-1;0;-1;-1;-1;0;-1;0;0;0;0;0;-1;-1;-1;0;0;-1;0;0;0;0;-1;-1;-1;0;0;0;0;0;0;-1;-1;0;-1;0;0;0;0;0;0;-1;0;0;0;0;-1;-1;-1;0;0;-1;0;0;0;0;0;0;0;0;-1;0;-1;-1;9;Armateur;0;0
;-1;-1;0;-1;0;-1;-1;0;-1;-1;-1;0;-1;0;0;0;0;0;-1;-1;-1;0;0;-1;0;0;0;0;-1;-1;-1;0;0;0;0;0;0;-1;-1;0;-1;0;0;0;0;0;0;-1;0;0;0;0;-1;-1;-1;0;0;-1;0;0;0;0;0;0;0;0;-1;0;-1;-1;9;Armateur;0;0
;-1;-1;0;-1;0;-1;-1;0;-1;-1;-1;0;-1;0;0;0;0;0;-1;-1;-1;0;0;-1;0;0;0;0;-1;-1;-1;0;0;0;0;0;0;-1;-1;0;-1;0;0;0;0;0;0;-1;0;0;0;0;-1;-1;-1;0;0;-1;0;0;0;0;0;0;0;0;-1;0;-1;-1;9;Armateur;0;0
;-1;-1;0;-1;0;-1;-1;0;-1;-1;-1;0;-1;0;0;0;0;0;-1;-1;-1;0;0;-1;0;0;0;0;-1;-1;-1;0;0;0;0;0;0;-1;-1;0;-1;0;0;0;0;0;0;-1;0;0;0;0;-1;-1;-1;0;0;-1;0;0;0;0;0;0;0;0;-1;0;-1;-1;9;Armateur;0;0
;-1;-1;0;-1;0;-1;-1;0;-1;-1;-1;0;-1;0;0;0;0;0;-1;-1;-1;0;0;-1;0;0;0;0;-1;-1;-1;0;0;0;0;0;0;-1;-1;0;-1;0;0;0;0;0;0;-1;0;0;0;0;-1;-1;-1;0;0;-1;0;0;0;0;0;0;0;0;-1;0;-1;-1;9;Armateur;0;0
;-1;-1;0;-1;0;-1;-1;0;-1;-1;-1;0;-1;0;0;0;0;0;-1;-1;-1;0;0;-1;0;0;0;0;-1;-1;-1;0;0;0;0;0;0;-1;-1;0;-1;0;0;0;0;0;0;-1;0;0;0;0;-1;-1;-1;0;0;-1;0;0;0;0;0;0;0;0;-1;0;-1;-1;9;Armateur;0;0
;-1;-1;0;-1;0;-1;-1;0;-1;-1;-1;0;-1;0;0;0;0;0;-1;-1;-1;0;0;-1;0;0;0;0;-1;-1;-1;0;0;0;0;0;0;-1;-1;0;-1;0;0;0;0;0;0;-1;0;0;0;0;-1;-1;-1;0;0;-1;0;0;0;0;0;0;0;0;-1;0;-1;-1;9;Armateur;0;0
;-1;-1;0;-1;0;-1;-1;0;-1;-1;-1;0;-1;0;0;0;0;0;-1;-1;-1;0;0;-1;0;0;0;0;-1;-1;-1;0;0;0;0;0;0;-1;-1;0;-1;0;0;0;0;0;0;-1;0;0;0;0;-1;-1;-1;0;0;-1;0;0;0;0;0;0;0;0;-1;0;-1;-1;9;Armateur;0;0
;-1;-1;0;-1;0;-1;-1;0;-1;-1;-1;0;-1;0;0;0;0;0;-1;-1;-1;0;0;-1;0;0;0;0;-1;-1;-1;0;0;0;0;0;0;-1;-1;0;-1;0;0;0;0;0;0;-1;0;0;0;0;-1;-1;-1;0;0;-1;0;0;0;0;0;0;0;0;-1;0;-1;-1;9;Armateur;0;0
;-1;-1;0;-1;0;-1;-1;0;-1;-1;-1;0;-1;0;0;0;0;0;-1;-1;-1;0;0;-1;0;0;0;0;-1;-1;-1;0;0;0;0;0;0;-1;-1;0;-1;0;0;0;0;0;0;-1;0;0;0;0;-1;-1;-1;0;0;-1;0;0;0;0;0;0;0;0;-1;0;-1;-1;9;Armateur;0;0
;-1;-1;0;-1;0;-1;-1;0;-1;-1;-1;0;-1;0;0;0;0;0;-1;-1;-1;0;0;-1;0;0;0;0;-1;-1;-1;0;0;0;0;0;0;-1;-1;0;-1;0;0;0;0;0;0;-1;0;0;0;0;-1;-1;-1;0;0;-1;0;0;0;0;0;0;0;0;-1;0;-1;-1;9;Armateur;0;0
;-1;-1;0;-1;0;-1;-1;0;-1;-1;-1;0;-1;0;0;0;0;0;-1;-1;-1;0;0;-1;0;0;0;0;-1;-1;-1;0;0;0;0;0;0;-1;-1;0;-1;0;0;0;0;0;0;-1;0;0;0;0;-1;-1;-1;0;0;-1;0;0;0;0;0;0;0;0;-1;0;-1;-1;9;Armateur;0;0
;-1;-1;0;-1;0;-1;-1;0;-1;-1;-1;0;-1;0;0;0;0;0;-1;-1;-1;0;0;-1;0;0;0;0;-1;-1;-1;0;0;0;0;0;0;-1;-1;0;-1;0;0;0;0;0;0;-1;0;0;0;0;-1;-1;-1;0;0;-1;0;0;0;0;0;0;0;0;-1;0;-1;-1;9;Armateur;0;0
;-1;-1;0;-1;0;-1;-1;0;-1;-1;-1;0;-1;0;0;0;0;0;-1;-1;-1;0;0;-1;0;0;0;0;-1;-1;-1;0;0;0;0;0;0;-1;-1;0;-1;0;0;0;0;0;0;-1;0;0;0;0;-1;-1;-1;0;0;-1;0;0;0;0;0;0;0;0;-1;0;-1;-1;9;Armateur;0;0
;-1;-1;0;-1;0;-1;-1;0;-1;-1;-1;0;-1;0;0;0;0;0;-1;-1;-1;0;0;-1;0;0;0;0;-1;-1;-1;0;0;0;0;0;0;-1;-1;0;-1;0;0;0;0;0;0;-1;0;0;0;0;-1;-1;-1;0;0;-1;0;0;0;0;0;0;0;0;-1;0;-1;-1;9;Armateur;0;0
;-1;-1;0;-1;0;-1;-1;0;-1;-1;-1;0;-1;0;0;0;0;0;-1;-1;-1;0;0;-1;0;0;0;0;-1;-1;-1;0;0;0;0;0;0;-1;-1;0;-1;0;0;0;0;0;0;-1;0;0;0;0;-1;-1;-1;0;0;-1;0;0;0;0;0;0;0;0;-1;0;-1;-1;9;Armateur;0;0
;-1;-1;0;-1;0;-1;-1;0;-1;-1;-1;0;-1;0;0;0;0;0;-1;-1;-1;0;0;-1;0;0;0;0;-1;-1;-1;0;0;0;0;0;0;-1;-1;0;-1;0;0;0;0;0;0;-1;0;0;0;0;-1;-1;-1;0;0;-1;0;0;0;0;0;0;0;0;-1;0;-1;-1;9;Armateur;0;0
;-1;-1;0;-1;0;-1;-1;0;-1;-1;-1;0;-1;0;0;0;0;0;-1;-1;-1;0;0;-1;0;0;0;0;-1;-1;-1;0;0;0;0;0;0;-1;-1;0;-1;0;0;0;0;0;0;-1;0;0;0;0;-1;-1;-1;0;0;-1;0;0;0;0;0;0;0;0;-1;0;-1;-1;9;Armateur;0;0
;-1;-1;0;-1;0;-1;-1;0;-1;-1;-1;0;-1;0;0;0;0;0;-1;-1;-1;0;0;-1;0;0;0;0;-1;-1;-1;0;0;0;0;0;0;-1;-1;0;-1;0;0;0;0;0;0;-1;0;0;0;0;-1;-1;-1;0;0;-1;0;0;0;0;0;0;0;0;-1;0;-1;-1;9;Armateur;0;0
;-1;-1;0;-1;0;-1;-1;0;-1;-1;-1;0;-1;0;0;0;0;0;-1;-1;-1;0;0;-1;0;0;0;0;-1;-1;-1;0;0;0;0;0;0;-1;-1;0;-1;0;0;0;0;0;0;-1;0;0;0;0;-1;-1;-1;0;0;-1;0;0;0;0;0;0;0;0;-1;0;-1;-1;9;Armateur;0;0
;-1;-1;0;-1;0;-1;-1;0;-1;-1;-1;0;-1;0;0;0;0;0;-1;-1;-1;0;0;-1;0;0;0;0;-1;-1;-1;0;0;0;0;0;0;-1;-1;0;-1;0;0;0;0;0;0;-1;0;0;0;0;-1;-1;-1;0;0;-1;0;0;0;0;0;0;0;0;-1;0;-1;-1;9;Armateur;0;0
;-1;-1;0;-1;0;-1;-1;0;-1;-1;-1;0;-1;0;0;0;0;0;-1;-1;-1;0;0;-1;0;0;0;0;-1;-1;-1;0;0;0;0;0;0;-1;-1;0;-1;0;0;0;0;0;0;-1;0;0;0;0;-1;-1;-1;0;0;-1;0;0;0;0;0;0;0;0;-1;0;-1;-1;9;Armateur;0;0
;-1;-1;0;-1;0;-1;-1;0;-1;-1;-1;0;-1;0;0;0;0;0;-1;-1;-1;0;0;-1;0;0;0;0;-1;-1;-1;0;0;0;0;0;0;-1;-1;0;-1;0;0;0;0;0;0;-1;0;0;0;0;-1;-1;-1;0;0;-1;0;0;0;0;0;0;0;0;-1;0;-1;-1;9;Armateur;0;0
;-1;-1;0;-1;0;-1;-1;0;-1;-1;-1;0;-1;0;0;0;0;0;-1;-1;-1;0;0;-1;0;0;0;0;-1;-1;-1;0;0;0;0;0;0;-1;-1;0;-1;0;0;0;0;0;0;-1;0;0;0;0;-1;-1;-1;0;0;-1;0;0;0;0;0;0;0;0;-1;0;-1;-1;9;Armateur;0;0
;-1;-1;0;-1;0;-1;-1;0;-1;-1;-1;0;-1;0;0;0;0;0;-1;-1;-1;0;0;-1;0;0;0;0;-1;-1;-1;0;0;0;0;0;0;-1;-1;0;-1;0;0;0;0;0;0;-1;0;0;0;0;-1;-1;-1;0;0;-1;0;0;0;0;0;0;0;0;-1;0;-1;-1;9;Armateur;0;0
;-1;-1;0;-1;0;-1;-1;0;-1;-1;-1;0;-1;0;0;0;0;0;-1;-1;-1;0;0;-1;0;0;0;0;-1;-1;-1;0;0;0;0;0;0;-1;-1;0;-1;0;0;0;0;0;0;-1;0;0;0;0;-1;-1;-1;0;0;-1;0;0;0;0;0;0;0;0;-1;0;-1;-1;9;Armateur;0;0
;-1;-1;0;-1;0;-1;-1;0;-1;-1;-1;0;-1;0;0;0;0;0;-1;-1;-1;0;0;-1;0;0;0;0;-1;-1;-1;0;0;0;0;0;0;-1;-1;0;-1;0;0;0;0;0;0;-1;0;0;0;0;-1;-1;-1;0;0;-1;0;0;0;0;0;0;0;0;-1;0;-1;-1;9;Armateur;0;0
;-1;-1;0;-1;0;-1;-1;0;-1;-1;-1;0;-1;0;0;0;0;0;-1;-1;-1;0;0;-1;0;0;0;0;-1;-1;-1;0;0;0;0;0;0;-1;-1;0;-1;0;0;0;0;0;0;-1;0;0;0;0;-1;-1;-1;0;0;-1;0;0;0;0;0;0;0;0;-1;0;-1;-1;9;Armateur;0;0
;-1;-1;0;-1;0;-1;-1;0;-1;-1;-1;0;-1;0;0;0;0;0;-1;-1;-1;0;0;-1;0;0;0;0;-1;-1;-1;0;0;0;0;0;0;-1;-1;0;-1;0;0;0;0;0;0;-1;0;0;0;0;-1;-1;-1;0;0;-1;0;0;0;0;0;0;0;0;-1;0;-1;-1;9;Armateur;0;0
;-1;-1;0;-1;0;-1;-1;0;-1;-1;-1;0;-1;0;0;0;0;0;-1;-1;-1;0;0;-1;0;0;0;0;-1;-1;-1;0;0;0;0;0;0;-1;-1;0;-1;0;0;0;0;0;0;-1;0;0;0;0;-1;-1;-1;0;0;-1;0;0;0;0;0;0;0;0;-1;0;-1;-1;9;Armateur;0;0
;-1;-1;0;-1;0;-1;-1;0;-1;-1;-1;0;-1;0;0;0;0;0;-1;-1;-1;0;0;-1;0;0;0;0;-1;-1;-1;0;0;0;0;0;0;-1;-1;0;-1;0;0;0;0;0;0;-1;0;0;0;0;-1;-1;-1;0;0;-1;0;0;0;0;0;0;0;0;-1;0;-1;-1;9;Armateur;0;0
;-1;-1;0;-1;0;-1;-1;0;-1;-1;-1;0;-1;0;0;0;0;0;-1;-1;-1;0;0;-1;0;0;0;0;-1;-1;-1;0;0;0;0;0;0;-1;-1;0;-1;0;0;0;0;0;0;-1;0;0;0;0;-1;-1;-1;0;0;-1;0;0;0;0;0;0;0;0;-1;0;-1;-1;9;Armateur;0;0
;-1;-1;0;-1;0;-1;-1;0;-1;-1;-1;0;-1;0;0;0;0;0;-1;-1;-1;0;0;-1;0;0;0;0;-1;-1;-1;0;0;0;0;0;0;-1;-1;0;-1;0;0;0;0;0;0;-1;0;0;0;0;-1;-1;-1;0;0;-1;0;0;0;0;0;0;0;0;-1;0;-1;-1;9;Armateur;0;0
;-1;-1;0;-1;0;-1;-1;0;-1;-1;-1;0;-1;0;0;0;0;0;-1;-1;-1;0;0;-1;0;0;0;0;-1;-1;-1;0;0;0;0;0;0;-1;-1;0;-1;0;0;0;0;0;0;-1;0;0;0;0;-1;-1;-1;0;0;-1;0;0;0;0;0;0;0;0;-1;0;-1;-1;9;Armateur;0;0
;-1;-1;0;-1;0;-1;-1;0;-1;-1;-1;0;-1;0;0;0;0;0;-1;-1;-1;0;0;-1;0;0;0;0;-1;-1;-1;0;0;0;0;0;0;-1;-1;0;-1;0;0;0;0;0;0;-1;0;0;0;0;-1;-1;-1;0;0;-1;0;0;0;0;0;0;0;0;-1;0;-1;-1;9;Armateur;0;0
;-1;-1;0;-1;0;-1;-1;0;-1;-1;-1;0;-1;0;0;0;0;0;-1;-1;-1;0;0;-1;0;0;0;0;-1;-1;-1;0;0;0;0;0;0;-1;-1;0;-1;0;0;0;0;0;0;-1;0;0;0;0;-1;-1;-1;0;0;-1;0;0;0;0;0;0;0;0;-1;0;-1;-1;9;Armateur;0;0
;-1;-1;0;-1;0;-1;-1;0;-1;-1;-1;0;-1;0;0;0;0;0;-1;-1;-1;0;0;-1;0;0;0;0;-1;-1;-1;0;0;0;0;0;0;-1;-1;0;-1;0;0;0;0;0;0;-1;0;0;0;0;-1;-1;-1;0;0;-1;0;0;0;0;0;0;0;0;-1;0;-1;-1;9;Armateur;0;0
;-1;-1;0;-1;0;-1;-1;0;-1;-1;-1;0;-1;0;0;0;0;0;-1;-1;-1;0;0;-1;0;0;0;0;-1;-1;-1;0;0;0;0;0;0;-1;-1;0;-1;0;0;0;0;0;0;-1;0;0;0;0;-1;-1;-1;0;0;-1;0;0;0;0;0;0;0;0;-1;0;-1;-1;9;Armateur;0;0
;-1;-1;0;-1;0;-1;-1;0;-1;-1;-1;0;-1;0;0;0;0;0;-1;-1;-1;0;0;-1;0;0;0;0;-1;-1;-1;0;0;0;0;0;0;-1;-1;0;-1;0;0;0;0;0;0;-1;0;0;0;0;-1;-1;-1;0;0;-1;0;0;0;0;0;0;0;0;-1;0;-1;-1;9;Armateur;0;0
;-1;-1;0;-1;0;-1;-1;0;-1;-1;-1;0;-1;0;0;0;0;0;-1;-1;-1;0;0;-1;0;0;0;0;-1;-1;-1;0;0;0;0;0;0;-1;-1;0;-1;0;0;0;0;0;0;-1;0;0;0;0;-1;-1;-1;0;0;-1;0;0;0;0;0;0;0;0;-1;0;-1;-1;9;Armateur;0;0
;-1;-1;0;-1;0;-1;-1;0;-1;-1;-1;0;-1;0;0;0;0;0;-1;-1;-1;0;0;-1;0;0;0;0;-1;-1;-1;0;0;0;0;0;0;-1;-1;0;-1;0;0;0;0;0;0;-1;0;0;0;0;-1;-1;-1;0;0;-1;0;0;0;0;0;0;0;0;-1;0;-1;-1;9;Armateur;0;0
;-1;-1;0;-1;0;-1;-1;0;-1;-1;-1;0;-1;0;0;0;0;0;-1;-1;-1;0;0;-1;0;0;0;0;-1;-1;-1;0;0;0;0;0;0;-1;-1;0;-1;0;0;0;0;0;0;-1;0;0;0;0;-1;-1;-1;0;0;-1;0;0;0;0;0;0;0;0;-1;0;-1;-1;9;Armateur;0;0
;-1;-1;0;-1;0;-1;-1;0;-1;-1;-1;0;-1;0;0;0;0;0;-1;-1;-1;0;0;-1;0;0;0;0;-1;-1;-1;0;0;0;0;0;0;-1;-1;0;-1;0;0;0;0;0;0;-1;0;0;0;0;-1;-1;-1;0;0;-1;0;0;0;0;0;0;0;0;-1;0;-1;-1;9;Armateur;0;0
;-1;-1;0;-1;0;-1;-1;0;-1;-1;-1;0;-1;0;0;0;0;0;-1;-1;-1;0;0;-1;0;0;0;0;-1;-1;-1;0;0;0;0;0;0;-1;-1;0;-1;0;0;0;0;0;0;-1;0;0;0;0;-1;-1;-1;0;0;-1;0;0;0;0;0;0;0;0;-1;0;-1;-1;9;Armateur;0;0
;-1;-1;0;-1;0;-1;-1;0;-1;-1;-1;0;-1;0;0;0;0;0;-1;-1;-1;0;0;-1;0;0;0;0;-1;-1;-1;0;0;0;0;0;0;-1;-1;0;-1;0;0;0;0;0;0;-1;0;0;0;0;-1;-1;-1;0;0;-1;0;0;0;0;0;0;0;0;-1;0;-1;-1;9;Armateur;0;0
;-1;-1;0;-1;0;-1;-1;0;-1;-1;-1;0;-1;0;0;0;0;0;-1;-1;-1;0;0;-1;0;0;0;0;-1;-1;-1;0;0;0;0;0;0;-1;-1;0;-1;0;0;0;0;0;0;-1;0;0;0;0;-1;-1;-1;0;0;-1;0;0;0;0;0;0;0;0;-1;0;-1;-1;9;Armateur;0;0
;-1;-1;0;-1;0;-1;-1;0;-1;-1;-1;0;-1;0;0;0;0;0;-1;-1;-1;0;0;-1;0;0;0;0;-1;-1;-1;0;0;0;0;0;0;-1;-1;0;-1;0;0;0;0;0;0;-1;0;0;0;0;-1;-1;-1;0;0;-1;0;0;0;0;0;0;0;0;-1;0;-1;-1;9;Armateur;0;0
;-1;-1;0;-1;0;-1;-1;0;-1;-1;-1;0;-1;0;0;0;0;0;-1;-1;-1;0;0;-1;0;0;0;0;-1;-1;-1;0;0;0;0;0;0;-1;-1;0;-1;0;0;0;0;0;0;-1;0;0;0;0;-1;-1;-1;0;0;-1;0;0;0;0;0;0;0;0;-1;0;-1;-1;9;Armateur;0;0
;-1;-1;0;-1;0;-1;-1;0;-1;-1;-1;0;-1;0;0;0;0;0;-1;-1;-1;0;0;-1;0;0;0;0;-1;-1;-1;0;0;0;0;0;0;-1;-1;0;-1;0;0;0;0;0;0;-1;0;0;0;0;-1;-1;-1;0;0;-1;0;0;0;0;0;0;0;0;-1;0;-1;-1;9;Armateur;0;0
;-1;-1;0;-1;0;-1;-1;0;-1;-1;-1;0;-1;0;0;0;0;0;-1;-1;-1;0;0;-1;0;0;0;0;-1;-1;-1;0;0;0;0;0;0;-1;-1;0;-1;0;0;0;0;0;0;-1;0;0;0;0;-1;-1;-1;0;0;-1;0;0;0;0;0;0;0;0;-1;0;-1;-1;9;Armateur;0;0
;-1;-1;0;-1;0;-1;-1;0;-1;-1;-1;0;-1;0;0;0;0;0;-1;-1;-1;0;0;-1;0;0;0;0;-1;-1;-1;0;0;0;0;0;0;-1;-1;0;-1;0;0;0;0;0;0;-1;0;0;0;0;-1;-1;-1;0;0;-1;0;0;0;0;0;0;0;0;-1;0;-1;-1;9;Armateur;0;0
;-1;-1;0;-1;0;-1;-1;0;-1;-1;-1;0;-1;0;0;0;0;0;-1;-1;-1;0;0;-1;0;0;0;0;-1;-1;-1;0;0;0;0;0;0;-1;-1;0;-1;0;0;0;0;0;0;-1;0;0;0;0;-1;-1;-1;0;0;-1;0;0;0;0;0;0;0;0;-1;0;-1;-1;9;Armateur;0;0
;-1;-1;0;-1;0;-1;-1;0;-1;-1;-1;0;-1;0;0;0;0;0;-1;-1;-1;0;0;-1;0;0;0;0;-1;-1;-1;0;0;0;0;0;0;-1;-1;0;-1;0;0;0;0;0;0;-1;0;0;0;0;-1;-1;-1;0;0;-1;0;0;0;0;0;0;0;0;-1;0;-1;-1;9;Armateur;0;0
;-1;-1;0;-1;0;-1;-1;0;-1;-1;-1;0;-1;0;0;0;0;0;-1;-1;-1;0;0;-1;0;0;0;0;-1;-1;-1;0;0;0;0;0;0;-1;-1;0;-1;0;0;0;0;0;0;-1;0;0;0;0;-1;-1;-1;0;0;-1;0;0;0;0;0;0;0;0;-1;0;-1;-1;9;Armateur;0;0
;-1;-1;0;-1;0;-1;-1;0;-1;-1;-1;0;-1;0;0;0;0;0;-1;-1;-1;0;0;-1;0;0;0;0;-1;-1;-1;0;0;0;0;0;0;-1;-1;0;-1;0;0;0;0;0;0;-1;0;0;0;0;-1;-1;-1;0;0;-1;0;0;0;0;0;0;0;0;-1;0;-1;-1;9;Armateur;0;0
;-1;-1;0;-1;0;-1;-1;0;-1;-1;-1;0;-1;0;0;0;0;0;-1;-1;-1;0;0;-1;0;0;0;0;-1;-1;-1;0;0;0;0;0;0;-1;-1;0;-1;0;0;0;0;0;0;-1;0;0;0;0;-1;-1;-1;0;0;-1;0;0;0;0;0;0;0;0;-1;0;-1;-1;9;Armateur;0;0
;-1;-1;0;-1;0;-1;-1;0;-1;-1;-1;0;-1;0;0;0;0;0;-1;-1;-1;0;0;-1;0;0;0;0;-1;-1;-1;0;0;0;0;0;0;-1;-1;0;-1;0;0;0;0;0;0;-1;0;0;0;0;-1;-1;-1;0;0;-1;0;0;0;0;0;0;0;0;-1;0;-1;-1;9;Armateur;0;0
;-1;-1;0;-1;0;-1;-1;0;-1;-1;-1;0;-1;0;0;0;0;0;-1;-1;-1;0;0;-1;0;0;0;0;-1;-1;-1;0;0;0;0;0;0;-1;-1;0;-1;0;0;0;0;0;0;-1;0;0;0;0;-1;-1;-1;0;0;-1;0;0;0;0;0;0;0;0;-1;0;-1;-1;9;Armateur;0;0
;-1;-1;0;-1;0;-1;-1;0;-1;-1;-1;0;-1;0;0;0;0;0;-1;-1;-1;0;0;-1;0;0;0;0;-1;-1;-1;0;0;0;0;0;0;-1;-1;0;-1;0;0;0;0;0;0;-1;0;0;0;0;-1;-1;-1;0;0;-1;0;0;0;0;0;0;0;0;-1;0;-1;-1;9;Armateur;0;0
;-1;-1;0;-1;0;-1;-1;0;-1;-1;-1;0;-1;0;0;0;0;0;-1;-1;-1;0;0;-1;0;0;0;0;-1;-1;-1;0;0;0;0;0;0;-1;-1;0;-1;0;0;0;0;0;0;-1;0;0;0;0;-1;-1;-1;0;0;-1;0;0;0;0;0;0;0;0;-1;0;-1;-1;9;Armateur;0;0
;-1;-1;0;-1;0;-1;-1;0;-1;-1;-1;0;-1;0;0;0;0;0;-1;-1;-1;0;0;-1;0;0;0;0;-1;-1;-1;0;0;0;0;0;0;-1;-1;0;-1;0;0;0;0;0;0;-1;0;0;0;0;-1;-1;-1;0;0;-1;0;0;0;0;0;0;0;0;-1;0;-1;-1;9;Armateur;0;0
;-1;-1;0;-1;0;-1;-1;0;-1;-1;-1;0;-1;0;0;0;0;0;-1;-1;-1;0;0;-1;0;0;0;0;-1;-1;-1;0;0;0;0;0;0;-1;-1;0;-1;0;0;0;0;0;0;-1;0;0;0;0;-1;-1;-1;0;0;-1;0;0;0;0;0;0;0;0;-1;0;-1;-1;9;Armateur;0;0
;-1;-1;0;-1;0;-1;-1;0;-1;-1;-1;0;-1;0;0;0;0;0;-1;-1;-1;0;0;-1;0;0;0;0;-1;-1;-1;0;0;0;0;0;0;-1;-1;0;-1;0;0;0;0;0;0;-1;0;0;0;0;-1;-1;-1;0;0;-1;0;0;0;0;0;0;0;0;-1;0;-1;-1;9;Armateur;0;0
;-1;-1;0;-1;0;-1;-1;0;-1;-1;-1;0;-1;0;0;0;0;0;-1;-1;-1;0;0;-1;0;0;0;0;-1;-1;-1;0;0;0;0;0;0;-1;-1;0;-1;0;0;0;0;0;0;-1;0;0;0;0;-1;-1;-1;0;0;-1;0;0;0;0;0;0;0;0;-1;0;-1;-1;9;Armateur;0;0
;-1;-1;0;-1;0;-1;-1;0;-1;-1;-1;0;-1;0;0;0;0;0;-1;-1;-1;0;0;-1;0;0;0;0;-1;-1;-1;0;0;0;0;0;0;-1;-1;0;-1;0;0;0;0;0;0;-1;0;0;0;0;-1;-1;-1;0;0;-1;0;0;0;0;0;0;0;0;-1;0;-1;-1;9;Armateur;0;0
;-1;-1;0;-1;0;-1;-1;0;-1;-1;-1;0;-1;0;0;0;0;0;-1;-1;-1;0;0;-1;0;0;0;0;-1;-1;-1;0;0;0;0;0;0;-1;-1;0;-1;0;0;0;0;0;0;-1;0;0;0;0;-1;-1;-1;0;0;-1;0;0;0;0;0;0;0;0;-1;0;-1;-1;9;Armateur;0;0
;-1;-1;0;-1;0;-1;-1;0;-1;-1;-1;0;-1;0;0;0;0;0;-1;-1;-1;0;0;-1;0;0;0;0;-1;-1;-1;0;0;0;0;0;0;-1;-1;0;-1;0;0;0;0;0;0;-1;0;0;0;0;-1;-1;-1;0;0;-1;0;0;0;0;0;0;0;0;-1;0;-1;-1;9;Armateur;0;0
;-1;-1;0;-1;0;-1;-1;0;-1;-1;-1;0;-1;0;0;0;0;0;-1;-1;-1;0;0;-1;0;0;0;0;-1;-1;-1;0;0;0;0;0;0;-1;-1;0;-1;0;0;0;0;0;0;-1;0;0;0;0;-1;-1;-1;0;0;-1;0;0;0;0;0;0;0;0;-1;0;-1;-1;9;Armateur;0;0
;-1;-1;0;-1;0;-1;-1;0;-1;-1;-1;0;-1;0;0;0;0;0;-1;-1;-1;0;0;-1;0;0;0;0;-1;-1;-1;0;0;0;0;0;0;-1;-1;0;-1;0;0;0;0;0;0;-1;0;0;0;0;-1;-1;-1;0;0;-1;0;0;0;0;0;0;0;0;-1;0;-1;-1;9;Armateur;0;0
;-1;-1;0;-1;0;-1;-1;0;-1;-1;-1;0;-1;0;0;0;0;0;-1;-1;-1;0;0;-1;0;0;0;0;-1;-1;-1;0;0;0;0;0;0;-1;-1;0;-1;0;0;0;0;0;0;-1;0;0;0;0;-1;-1;-1;0;0;-1;0;0;0;0;0;0;0;0;-1;0;-1;-1;9;Armateur;0;0
;-1;-1;0;-1;0;-1;-1;0;-1;-1;-1;0;-1;0;0;0;0;0;-1;-1;-1;0;0;-1;0;0;0;0;-1;-1;-1;0;0;0;0;0;0;-1;-1;0;-1;0;0;0;0;0;0;-1;0;0;0;0;-1;-1;-1;0;0;-1;0;0;0;0;0;0;0;0;-1;0;-1;-1;9;Armateur;0;0
;-1;-1;0;-1;0;-1;-1;0;-1;-1;-1;0;-1;0;0;0;0;0;-1;-1;-1;0;0;-1;0;0;0;0;-1;-1;-1;0;0;0;0;0;0;-1;-1;0;-1;0;0;0;0;0;0;-1;0;0;0;0;-1;-1;-1;0;0;-1;0;0;0;0;0;0;0;0;-1;0;-1;-1;9;Armateur;0;0
;-1;-1;0;-1;0;-1;-1;0;-1;-1;-1;0;-1;0;0;0;0;0;-1;-1;-1;0;0;-1;0;0;0;0;-1;-1;-1;0;0;0;0;0;0;-1;-1;0;-1;0;0;0;0;0;0;-1;0;0;0;0;-1;-1;-1;0;0;-1;0;0;0;0;0;0;0;0;-1;0;-1;-1;9;Armateur;0;0
;-1;-1;0;-1;0;-1;-1;0;-1;-1;-1;0;-1;0;0;0;0;0;-1;-1;-1;0;0;-1;0;0;0;0;-1;-1;-1;0;0;0;0;0;0;-1;-1;0;-1;0;0;0;0;0;0;-1;0;0;0;0;-1;-1;-1;0;0;-1;0;0;0;0;0;0;0;0;-1;0;-1;-1;9;Armateur;0;0
;-1;-1;0;-1;0;-1;-1;0;-1;-1;-1;0;-1;0;0;0;0;0;-1;-1;-1;0;0;-1;0;0;0;0;-1;-1;-1;0;0;0;0;0;0;-1;-1;0;-1;0;0;0;0;0;0;-1;0;0;0;0;-1;-1;-1;0;0;-1;0;0;0;0;0;0;0;0;-1;0;-1;-1;9;Armateur;0;0
;-1;-1;0;-1;0;-1;-1;0;-1;-1;-1;0;-1;0;0;0;0;0;-1;-1;-1;0;0;-1;0;0;0;0;-1;-1;-1;0;0;0;0;0;0;-1;-1;0;-1;0;0;0;0;0;0;-1;0;0;0;0;-1;-1;-1;0;0;-1;0;0;0;0;0;0;0;0;-1;0;-1;-1;9;Armateur;0;0
;-1;-1;0;-1;0;-1;-1;0;-1;-1;-1;0;-1;0;0;0;0;0;-1;-1;-1;0;0;-1;0;0;0;0;-1;-1;-1;0;0;0;0;0;0;-1;-1;0;-1;0;0;0;0;0;0;-1;0;0;0;0;-1;-1;-1;0;0;-1;0;0;0;0;0;0;0;0;-1;0;-1;-1;9;Armateur;0;0
;-1;-1;0;-1;0;-1;-1;0;-1;-1;-1;0;-1;0;0;0;0;0;-1;-1;-1;0;0;-1;0;0;0;0;-1;-1;-1;0;0;0;0;0;0;-1;-1;0;-1;0;0;0;0;0;0;-1;0;0;0;0;-1;-1;-1;0;0;-1;0;0;0;0;0;0;0;0;-1;0;-1;-1;9;Armateur;0;0
;-1;-1;0;-1;0;-1;-1;0;-1;-1;-1;0;-1;0;0;0;0;0;-1;-1;-1;0;0;-1;0;0;0;0;-1;-1;-1;0;0;0;0;0;0;-1;-1;0;-1;0;0;0;0;0;0;-1;0;0;0;0;-1;-1;-1;0;0;-1;0;0;0;0;0;0;0;0;-1;0;-1;-1;9;Armateur;0;0
;-1;-1;0;-1;0;-1;-1;0;-1;-1;-1;0;-1;0;0;0;0;0;-1;-1;-1;0;0;-1;0;0;0;0;-1;-1;-1;0;0;0;0;0;0;-1;-1;0;-1;0;0;0;0;0;0;-1;0;0;0;0;-1;-1;-1;0;0;-1;0;0;0;0;0;0;0;0;-1;0;-1;-1;9;Armateur;0;0
;-1;-1;0;-1;0;-1;-1;0;-1;-1;-1;0;-1;0;0;0;0;0;-1;-1;-1;0;0;-1;0;0;0;0;-1;-1;-1;0;0;0;0;0;0;-1;-1;0;-1;0;0;0;0;0;0;-1;0;0;0;0;-1;-1;-1;0;0;-1;0;0;0;0;0;0;0;0;-1;0;-1;-1;9;Armateur;0;0
;-1;-1;0;-1;0;-1;-1;0;-1;-1;-1;0;-1;0;0;0;0;0;-1;-1;-1;0;0;-1;0;0;0;0;-1;-1;-1;0;0;0;0;0;0;-1;-1;0;-1;0;0;0;0;0;0;-1;0;0;0;0;-1;-1;-1;0;0;-1;0;0;0;0;0;0;0;0;-1;0;-1;-1;9;Armateur;0;0
;-1;-1;0;-1;0;-1;-1;0;-1;-1;-1;0;-1;0;0;0;0;0;-1;-1;-1;0;0;-1;0;0;0;0;-1;-1;-1;0;0;0;0;0;0;-1;-1;0;-1;0;0;0;0;0;0;-1;0;0;0;0;-1;-1;-1;0;0;-1;0;0;0;0;0;0;0;0;-1;0;-1;-1;9;Armateur;0;0
;-1;-1;0;-1;0;-1;-1;0;-1;-1;-1;0;-1;0;0;0;0;0;-1;-1;-1;0;0;-1;0;0;0;0;-1;-1;-1;0;0;0;0;0;0;-1;-1;0;-1;0;0;0;0;0;0;-1;0;0;0;0;-1;-1;-1;0;0;-1;0;0;0;0;0;0;0;0;-1;0;-1;-1;9;Armateur;0;0
;-1;-1;0;-1;0;-1;-1;0;-1;-1;-1;0;-1;0;0;0;0;0;-1;-1;-1;0;0;-1;0;0;0;0;-1;-1;-1;0;0;0;0;0;0;-1;-1;0;-1;0;0;0;0;0;0;-1;0;0;0;0;-1;-1;-1;0;0;-1;0;0;0;0;0;0;0;0;-1;0;-1;-1;9;Armateur;0;0
;-1;-1;0;-1;0;-1;-1;0;-1;-1;-1;0;-1;0;0;0;0;0;-1;-1;-1;0;0;-1;0;0;0;0;-1;-1;-1;0;0;0;0;0;0;-1;-1;0;-1;0;0;0;0;0;0;-1;0;0;0;0;-1;-1;-1;0;0;-1;0;0;0;0;0;0;0;0;-1;0;-1;-1;9;Armateur;0;0
;-1;-1;0;-1;0;-1;-1;0;-1;-1;-1;0;-1;0;0;0;0;0;-1;-1;-1;0;0;-1;0;0;0;0;-1;-1;-1;0;0;0;0;0;0;-1;-1;0;-1;0;0;0;0;0;0;-1;0;0;0;0;-1;-1;-1;0;0;-1;0;0;0;0;0;0;0;0;-1;0;-1;-1;9;Armateur;0;0
;-1;-1;0;-1;0;-1;-1;0;-1;-1;-1;0;-1;0;0;0;0;0;-1;-1;-1;0;0;-1;0;0;0;0;-1;-1;-1;0;0;0;0;0;0;-1;-1;0;-1;0;0;0;0;0;0;-1;0;0;0;0;-1;-1;-1;0;0;-1;0;0;0;0;0;0;0;0;-1;0;-1;-1;9;Armateur;0;0
;-1;-1;0;-1;0;-1;-1;0;-1;-1;-1;0;-1;0;0;0;0;0;-1;-1;-1;0;0;-1;0;0;0;0;-1;-1;-1;0;0;0;0;0;0;-1;-1;0;-1;0;0;0;0;0;0;-1;0;0;0;0;-1;-1;-1;0;0;-1;0;0;0;0;0;0;0;0;-1;0;-1;-1;9;Armateur;0;0
;-1;-1;0;-1;0;-1;-1;0;-1;-1;-1;0;-1;0;0;0;0;0;-1;-1;-1;0;0;-1;0;0;0;0;-1;-1;-1;0;0;0;0;0;0;-1;-1;0;-1;0;0;0;0;0;0;-1;0;0;0;0;-1;-1;-1;0;0;-1;0;0;0;0;0;0;0;0;-1;0;-1;-1;9;Armateur;0;0
;-1;-1;0;-1;0;-1;-1;0;-1;-1;-1;0;-1;0;0;0;0;0;-1;-1;-1;0;0;-1;0;0;0;0;-1;-1;-1;0;0;0;0;0;0;-1;-1;0;-1;0;0;0;0;0;0;-1;0;0;0;0;-1;-1;-1;0;0;-1;0;0;0;0;0;0;0;0;-1;0;-1;-1;9;Armateur;0;0
;-1;-1;0;-1;0;-1;-1;0;-1;-1;-1;0;-1;0;0;0;0;0;-1;-1;-1;0;0;-1;0;0;0;0;-1;-1;-1;0;0;0;0;0;0;-1;-1;0;-1;0;0;0;0;0;0;-1;0;0;0;0;-1;-1;-1;0;0;-1;0;0;0;0;0;0;0;0;-1;0;-1;-1;9;Armateur;0;0
;-1;-1;0;-1;0;-1;-1;0;-1;-1;-1;0;-1;0;0;0;0;0;-1;-1;-1;0;0;-1;0;0;0;0;-1;-1;-1;0;0;0;0;0;0;-1;-1;0;-1;0;0;0;0;0;0;-1;0;0;0;0;-1;-1;-1;0;0;-1;0;0;0;0;0;0;0;0;-1;0;-1;-1;9;Armateur;0;0
;-1;-1;0;-1;0;-1;-1;0;-1;-1;-1;0;-1;0;0;0;0;0;-1;-1;-1;0;0;-1;0;0;0;0;-1;-1;-1;0;0;0;0;0;0;-1;-1;0;-1;0;0;0;0;0;0;-1;0;0;0;0;-1;-1;-1;0;0;-1;0;0;0;0;0;0;0;0;-1;0;-1;-1;9;Armateur;0;0
;-1;-1;0;-1;0;-1;-1;0;-1;-1;-1;0;-1;0;0;0;0;0;-1;-1;-1;0;0;-1;0;0;0;0;-1;-1;-1;0;0;0;0;0;0;-1;-1;0;-1;0;0;0;0;0;0;-1;0;0;0;0;-1;-1;-1;0;0;-1;0;0;0;0;0;0;0;0;-1;0;-1;-1;9;Armateur;0;0
;-1;-1;0;-1;0;-1;-1;0;-1;-1;-1;0;-1;0;0;0;0;0;-1;-1;-1;0;0;-1;0;0;0;0;-1;-1;-1;0;0;0;0;0;0;-1;-1;0;-1;0;0;0;0;0;0;-1;0;0;0;0;-1;-1;-1;0;0;-1;0;0;0;0;0;0;0;0;-1;0;-1;-1;9;Armateur;0;0
;-1;-1;0;-1;0;-1;-1;0;-1;-1;-1;0;-1;0;0;0;0;0;-1;-1;-1;0;0;-1;0;0;0;0;-1;-1;-1;0;0;0;0;0;0;-1;-1;0;-1;0;0;0;0;0;0;-1;0;0;0;0;-1;-1;-1;0;0;-1;0;0;0;0;0;0;0;0;-1;0;-1;-1;9;Armateur;0;0
;-1;-1;0;-1;0;-1;-1;0;-1;-1;-1;0;-1;0;0;0;0;0;-1;-1;-1;0;0;-1;0;0;0;0;-1;-1;-1;0;0;0;0;0;0;-1;-1;0;-1;0;0;0;0;0;0;-1;0;0;0;0;-1;-1;-1;0;0;-1;0;0;0;0;0;0;0;0;-1;0;-1;-1;9;Armateur;0;0
;-1;-1;0;-1;0;-1;-1;0;-1;-1;-1;0;-1;0;0;0;0;0;-1;-1;-1;0;0;-1;0;0;0;0;-1;-1;-1;0;0;0;0;0;0;-1;-1;0;-1;0;0;0;0;0;0;-1;0;0;0;0;-1;-1;-1;0;0;-1;0;0;0;0;0;0;0;0;-1;0;-1;-1;9;Armateur;0;0
;-1;-1;0;-1;0;-1;-1;0;-1;-1;-1;0;-1;0;0;0;0;0;-1;-1;-1;0;0;-1;0;0;0;0;-1;-1;-1;0;0;0;0;0;0;-1;-1;0;-1;0;0;0;0;0;0;-1;0;0;0;0;-1;-1;-1;0;0;-1;0;0;0;0;0;0;0;0;-1;0;-1;-1;9;Armateur;0;0
;-1;-1;0;-1;0;-1;-1;0;-1;-1;-1;0;-1;0;0;0;0;0;-1;-1;-1;0;0;-1;0;0;0;0;-1;-1;-1;0;0;0;0;0;0;-1;-1;0;-1;0;0;0;0;0;0;-1;0;0;0;0;-1;-1;-1;0;0;-1;0;0;0;0;0;0;0;0;-1;0;-1;-1;9;Armateur;0;0
;-1;-1;0;-1;0;-1;-1;0;-1;-1;-1;0;-1;0;0;0;0;0;-1;-1;-1;0;0;-1;0;0;0;0;-1;-1;-1;0;0;0;0;0;0;-1;-1;0;-1;0;0;0;0;0;0;-1;0;0;0;0;-1;-1;-1;0;0;-1;0;0;0;0;0;0;0;0;-1;0;-1;-1;9;Armateur;0;0
;-1;-1;0;-1;0;-1;-1;0;-1;-1;-1;0;-1;0;0;0;0;0;-1;-1;-1;0;0;-1;0;0;0;0;-1;-1;-1;0;0;0;0;0;0;-1;-1;0;-1;0;0;0;0;0;0;-1;0;0;0;0;-1;-1;-1;0;0;-1;0;0;0;0;0;0;0;0;-1;0;-1;-1;9;Armateur;0;0
;-1;-1;0;-1;0;-1;-1;0;-1;-1;-1;0;-1;0;0;0;0;0;-1;-1;-1;0;0;-1;0;0;0;0;-1;-1;-1;0;0;0;0;0;0;-1;-1;0;-1;0;0;0;0;0;0;-1;0;0;0;0;-1;-1;-1;0;0;-1;0;0;0;0;0;0;0;0;-1;0;-1;-1;9;Armateur;0;0
;-1;-1;0;-1;0;-1;-1;0;-1;-1;-1;0;-1;0;0;0;0;0;-1;-1;-1;0;0;-1;0;0;0;0;-1;-1;-1;0;0;0;0;0;0;-1;-1;0;-1;0;0;0;0;0;0;-1;0;0;0;0;-1;-1;-1;0;0;-1;0;0;0;0;0;0;0;0;-1;0;-1;-1;9;Armateur;0;0
;-1;-1;0;-1;0;-1;-1;0;-1;-1;-1;0;-1;0;0;0;0;0;-1;-1;-1;0;0;-1;0;0;0;0;-1;-1;-1;0;0;0;0;0;0;-1;-1;0;-1;0;0;0;0;0;0;-1;0;0;0;0;-1;-1;-1;0;0;-1;0;0;0;0;0;0;0;0;-1;0;-1;-1;9;Armateur;0;0
;-1;-1;0;-1;0;-1;-1;0;-1;-1;-1;0;-1;0;0;0;0;0;-1;-1;-1;0;0;-1;0;0;0;0;-1;-1;-1;0;0;0;0;0;0;-1;-1;0;-1;0;0;0;0;0;0;-1;0;0;0;0;-1;-1;-1;0;0;-1;0;0;0;0;0;0;0;0;-1;0;-1;-1;9;Armateur;0;0
;-1;-1;0;-1;0;-1;-1;0;-1;-1;-1;0;-1;0;0;0;0;0;-1;-1;-1;0;0;-1;0;0;0;0;-1;-1;-1;0;0;0;0;0;0;-1;-1;0;-1;0;0;0;0;0;0;-1;0;0;0;0;-1;-1;-1;0;0;-1;0;0;0;0;0;0;0;0;-1;0;-1;-1;9;Armateur;0;0
;-1;-1;0;-1;0;-1;-1;0;-1;-1;-1;0;-1;0;0;0;0;0;-1;-1;-1;0;0;-1;0;0;0;0;-1;-1;-1;0;0;0;0;0;0;-1;-1;0;-1;0;0;0;0;0;0;-1;0;0;0;0;-1;-1;-1;0;0;-1;0;0;0;0;0;0;0;0;-1;0;-1;-1;9;Armateur;0;0
;-1;-1;0;-1;0;-1;-1;0;-1;-1;-1;0;-1;0;0;0;0;0;-1;-1;-1;0;0;-1;0;0;0;0;-1;-1;-1;0;0;0;0;0;0;-1;-1;0;-1;0;0;0;0;0;0;-1;0;0;0;0;-1;-1;-1;0;0;-1;0;0;0;0;0;0;0;0;-1;0;-1;-1;9;Armateur;0;0
;-1;-1;0;-1;0;-1;-1;0;-1;-1;-1;0;-1;0;0;0;0;0;-1;-1;-1;0;0;-1;0;0;0;0;-1;-1;-1;0;0;0;0;0;0;-1;-1;0;-1;0;0;0;0;0;0;-1;0;0;0;0;-1;-1;-1;0;0;-1;0;0;0;0;0;0;0;0;-1;0;-1;-1;9;Armateur;0;0
;-1;-1;0;-1;0;-1;-1;0;-1;-1;-1;0;-1;0;0;0;0;0;-1;-1;-1;0;0;-1;0;0;0;0;-1;-1;-1;0;0;0;0;0;0;-1;-1;0;-1;0;0;0;0;0;0;-1;0;0;0;0;-1;-1;-1;0;0;-1;0;0;0;0;0;0;0;0;-1;0;-1;-1;9;Armateur;0;0
;-1;-1;0;-1;0;-1;-1;0;-1;-1;-1;0;-1;0;0;0;0;0;-1;-1;-1;0;0;-1;0;0;0;0;-1;-1;-1;0;0;0;0;0;0;-1;-1;0;-1;0;0;0;0;0;0;-1;0;0;0;0;-1;-1;-1;0;0;-1;0;0;0;0;0;0;0;0;-1;0;-1;-1;9;Armateur;0;0
;-1;-1;0;-1;0;-1;-1;0;-1;-1;-1;0;-1;0;0;0;0;0;-1;-1;-1;0;0;-1;0;0;0;0;-1;-1;-1;0;0;0;0;0;0;-1;-1;0;-1;0;0;0;0;0;0;-1;0;0;0;0;-1;-1;-1;0;0;-1;0;0;0;0;0;0;0;0;-1;0;-1;-1;9;Armateur;0;0
;-1;-1;0;-1;0;-1;-1;0;-1;-1;-1;0;-1;0;0;0;0;0;-1;-1;-1;0;0;-1;0;0;0;0;-1;-1;-1;0;0;0;0;0;0;-1;-1;0;-1;0;0;0;0;0;0;-1;0;0;0;0;-1;-1;-1;0;0;-1;0;0;0;0;0;0;0;0;-1;0;-1;-1;9;Armateur;0;0
