Pays;Code;Annee;Densite;Region;Surface;Population
Afghanistan;AFG;1700;3,919797801;Perse;652230;2 556 610
Albania;ALB;1700;10,58735094;Europe méditerranéenne;28748;304 365
Algeria;DZA;1700;0,754381881;Maghreb;2381741;1 796 742
American Samoa;ASM;1700;13,93552576;Indonésie et Philippines;199;2 773
Andorra;AND;1700;3,396508585;Europe du sud;468;1 590
Angola;AGO;1700;1,805437893;Afrique orientale (Mozambique à Kenya);1246700;2 250 839
Anguilla;AIA;1700;8,403681136;Petites antilles;91;765
Antigua and Barbuda;ATG;1700;20,06662143;Petites antilles;442;8 869
Argentina;ARG;1700;0,108592175;Argentine;2780400;301 930
Armenia;ARM;1700;10,76638334;Perse;29743;320 225
Aruba;ABW;1700;5,691172822;Petites antilles;180;1 024
Australia;AUS;1700;0,03256684;Indonésie et Philippines;7692024;250 505
Austria;AUT;1700;25,63842087;Europe méditerranéenne;83871;2 150 320
Azerbaijan;AZE;1700;7,559807835;Arabie;86600;654 679
Bahamas;BHS;1700;0,437441827;Grandes antilles;13943;6 099
Bahrain;BHR;1700;31,73824865;Arabie;765;24 280
Bangladesh;BGD;1700;111,4383969;Bengale;147570;16 444 964
Barbados;BRB;1700;181,475029;Petites antilles;430;78 034
Belarus;BLR;1700;4,694560178;Europe du nord;207600;974 591
Belgium;BEL;1700;57,33569229;Europe du nord;30528;1 750 344
Belize;BLZ;1700;0,379024466;Petites antilles;22966;8 705
Benin;BEN;1700;25,84169288;Golfe de Guinée;112622;2 910 343
Bermuda;BMU;1700;49,53496115;Petites antilles;54;2 675
Bhutan;BTN;1700;0,641420361;Chine, Mer de Chine, Corée et Japon;38394;24 627
Bolivia;BOL;1700;0,739390339;Chili;1098581;812 280
Bosnia and Herzegovina;BIH;1700;8,563660108;Europe méditerranéenne;51209;438 536
Botswana;BWA;1700;0,158447356;Afrique du Sud-Ouest (Congo au ca de bonne-espérance);582000;92 216
Brazil;BRA;1700;0,144485728;Brésil;8515767;1 230 407
British Indian Ocean Territory;IOT;1700;7,306734897;Océan indien (Les mascareignes);60;438
British Virgin Islands;VGB;1700;14,53076414;Grandes antilles;151;2 194
Brunei;BRN;1700;1,004385818;Siam et Tonkin;5765;5 790
Bulgaria;BGR;1700;11,33653175;Méditérranée orientale;110879;1 256 983
Burkina Faso;BFA;1700;5,964560698;Nord ouest de l'Afrique;272967;1 628 128
Burundi;BDI;1700;31,57370639;Afrique du Sud-Ouest (Congo au ca de bonne-espérance);27834;878 823
Cambodia;KHM;1700;10,23129434;Siam et Tonkin;181035;1 852 222
Cameroon;CMR;1700;3,862296713;Golfe de Guinée;475442;1 836 298
Canada;CAN;1700;0,022426553;Acadie, baie d'Hudson et terre-neuve;9984670;223 922
Cape Verde;CPV;1700;4,429168734;Golfe de Guinée;4033;17 863
Cayman Islands;CYM;1700;8,852005579;Grandes antilles;264;2 337
Central African Republic;CAF;1700;0,487209641;Afrique du Sud-Ouest (Congo au ca de bonne-espérance);622984;303 524
Chad;TCD;1700;0,87271814;Afrique orientale (Mozambique à Kenya);1284000;1 120 570
Chile;CHL;1700;0,829336;Chili;756102;627 063
China;CHN;1700;10,74595905;Chine, Mer de Chine, Corée et Japon;9640011;103 591 163
Christmas Island;CXR;1700;3,277015286;Indonésie et Philippines;135;442
Cocos Islands;CCK;1700;10,6750798;Indonésie et Philippines;14;149
Colombia;COL;1700;0,701729764;Nouvelle-Grenade et Venezuela;1141748;801 199
Comoros;COM;1700;17,6030512;Océan indien (Les mascareignes);1862;32 777
Congo;COG;1700;1,274261635;Afrique du Sud-Ouest (Congo au ca de bonne-espérance);342000;435 797
Cook Islands;COK;1700;21,80522506;Indonésie et Philippines;236;5 146
Costa Rica;CRI;1700;0,441410019;Grandes antilles;51100;22 556
Cote d'Ivoire;CIV;1700;1,383083567;Golfe de Guinée;322463;445 993
Croatia;HRV;1700;11,78815612;Europe méditerranéenne;56594;667 139
Cuba;CUB;1700;0,930525723;Grandes antilles;109884;102 250
Cyprus;CYP;1700;11,13840583;Méditérranée orientale;9251;103 041
Czechia;CZE;1700;41,2539153;Europe du nord;78865;3 253 490
Democratic Republic of Congo;COD;1700;2,874962566;Afrique du Sud-Ouest (Congo au ca de bonne-espérance);2344858;6 741 379
Denmark;DNK;1700;18,85849528;Europe du nord;43094;812 688
Djibouti;DJI;1700;1,122013159;Mer rouge et éthiopie;23200;26 031
Dominica;DMA;1700;2,788441919;Petites antilles;751;2 094
Dominican Republic;DOM;1700;2,119648377;Grandes antilles;48671;103 165
Ecuador;ECU;1700;2,004261691;Nouvelle-Grenade et Venezuela;276841;554 862
Egypt;EGY;1700;4,582802068;Egypte;1002450;4 594 030
El Salvador;SLV;1700;5,379056814;Nouvelle-Grenade et Venezuela;21041;113 181
Equatorial Guinea;GNQ;1700;4,69273743;Golfe de Guinée;28051;131 636
Eritrea;ERI;1700;1,180810606;Mer rouge et éthiopie;117600;138 863
Estonia;EST;1700;1,606740398;Europe du nord;45227;72 668
Eswatini;SWZ;1700;1,19951334;Afrique orientale (Mozambique à Kenya);17364;20 828
Ethiopia;ETH;1700;2,088951178;Mer rouge et éthiopie;1104300;2 306 829
Faeroe Islands;FRO;1700;0,141504215;Europe du nord;1393;197
Falkland Islands;FLK;1700;0,065379188;Amérique du Sud (Côte Atlantique de la Guyane à l'Argentine):;12173;796
Fiji;FJI;1700;3,838155713;Indonésie et Philippines;18272;70 131
Finland;FIN;1700;1,315044228;Europe du nord;338424;445 043
France;FRA;1700;40,19795307;Europe du nord;640679;25 753 984
French Guiana;GUF;1700;0,021906143;Guyane, Guyana et Suriname;83534;1 830
French Polynesia;PYF;1700;4,628925992;Indonésie et Philippines;4167;19 289
Gabon;GAB;1700;0,819221103;Golfe de Guinée;267668;219 279
Gambia;GMB;1700;0,425164359;Nord ouest de l'Afrique;11295;4 802
Georgia;GEO;1700;11,34707638;Europe du nord;69700;790 891
Germany;DEU;1700;36,61817106;Europe du nord;357114;13 076 862
Ghana;GHA;1700;11,05721706;Golfe de Guinée;238533;2 637 511
Gibraltar;GIB;1700;59,99928031;Europe du sud;6;360
Greece;GRC;1700;11,43554166;Europe méditerranéenne;131990;1 509 377
Greenland;GRL;1700;0;Europe du nord;2166086;0
Grenada;GRD;1700;59,78210386;Petites antilles;344;20 565
Guadeloupe;GLP;1700;42,13885934;Petites antilles;1628;68 602
Guam;GUM;1700;35,97447471;Guyane, Guyana et Suriname;549;19 750
Guatemala;GTM;1700;6,428944492;Du guatemala au Panama;108889;700 041
Guinea;GIN;1700;6,771480133;Nord ouest de l'Afrique;245857;1 664 816
Guinea-Bissau;GNB;1700;8,310947432;Nord ouest de l'Afrique;36125;300 233
Guyana;GUY;1700;0,471242487;Guyane, Guyana et Suriname;214969;101 303
Haiti;HTI;1700;1,834793204;Indonésie et Philippines;27750;50 916
Honduras;HND;1700;0,803101188;Amérique du Sud (Côte Atlantique de la Guyane à l'Argentine):;112492;90 342
Hong Kong;HKG;1700;11,48514953;Chine, Mer de Chine, Corée et Japon;1104;12 680
Hungary;HUN;1700;16,25327368;Europe du nord;93028;1 512 010
Iceland;ISL;1700;0,537793717;Europe du nord;103000;55 393
India;IND;1700;41,91371908;Golfe du Bengale;3287590;137 795 124
Indonesia;IDN;1700;4,888641884;Indonésie et Philippines;1904569;9 310 756
Iran;IRN;1700;3,084496703;Perse;1648195;5 083 852
Iraq;IRQ;1700;2,287795526;Arabie;438317;1 002 780
Ireland;IRL;1700;35,26207479;Europe du nord;70273;2 477 972
Israel;ISR;1700;6,832275073;Arabie;20770;141 906
Italy;ITA;1700;45,27243724;Europe méditerranéenne;301336;13 642 215
Jamaica;JAM;1700;6,522187255;Grandes antilles;10991;71 685
Japan;JPN;1700;63,37331153;Chine, Mer de Chine, Corée et Japon;377930;23 950 676
Jordan;JOR;1700;0,774336904;Arabie;89342;69 181
Kazakhstan;KAZ;1700;0,648161407;Perse;2724900;1 766 175
Kenya;KEN;1700;3,488994838;Afrique orientale (Mozambique à Kenya);580367;2 024 897
Kiribati;KIR;1700;741,4610014;Indonésie et Philippines;811;601 325
Kuwait;KWT;1700;6,617197928;Arabie;17818;117 905
Kyrgyzstan;KGZ;1700;2,336206001;Perse;199951;467 127
Laos;LAO;1700;2,599349296;Siam et Tonkin;236800;615 526
Latvia;LVA;1700;1,498726936;Europe du nord;64559;96 756
Lebanon;LBN;1700;40,81019974;Arabie;10452;426 548
Lesotho;LSO;1700;2,638602031;Afrique du Sud-Ouest (Congo au ca de bonne-espérance);30355;80 095
Liberia;LBR;1700;1,968396233;Nord ouest de l'Afrique;111369;219 218
Libya;LBY;1700;0,308794466;Maghreb;1759540;543 336
Liechtenstein;LIE;1700;62,57178158;Europe du nord;160;10 011
Lithuania;LTU;1700;1,735688086;Europe du nord;65300;113 340
Luxembourg;LUX;1700;24,70935706;Europe du nord;2586;63 898
Macao;MAC;1700;718,3493707;Chine, Mer de Chine, Corée et Japon;32,9;23 634
Madagascar;MDG;1700;1,682666016;Madagascar;587041;987 794
Malawi;MWI;1700;4,321175404;Afrique orientale (Mozambique à Kenya);118484;511 990
Malaysia;MYS;1700;1,780570202;Indonésie et Philippines;330803;589 018
Maldives;MDV;1700;37,5999062;Surate et péninsule de Gujarat;300;11 280
Mali;MLI;1700;1,153152002;Nord ouest de l'Afrique;1240192;1 430 130
Malta;MLT;1700;197,3532115;Europe méditerranéenne;316;62 364
Marshall Islands;MHL;1700;7,275161238;Indonésie et Philippines;181;1 317
Martinique;MTQ;1700;18,93515533;Petites antilles;1128;21 359
Mauritania;MRT;1700;0,330568982;Maghreb;1030700;340 717
Mauritius;MUS;1700;3,351513053;Océan indien (Les mascareignes);2040;6 837
Mexico;MEX;1700;2,058576803;Nouvelle-Espagne;1964375;4 043 817
Micronesia (country);FSM;1700;19,48386869;Indonésie et Philippines;702;13 678
Moldova;MDA;1700;15,55112282;Méditérranée orientale;33846;526 343
Monaco;MCO;1700;107,5138052;Europe méditerranéenne;2,02;217
Mongolia;MNG;1700;0,387074299;Chine, Mer de Chine, Corée et Japon;1564110;605 427
Montenegro;MNE;1700;4,380249059;Europe méditerranéenne;13812;60 500
Montserrat;MSR;1700;38,46124627;Petites antilles;102;3 923
Morocco;MAR;1700;2,605073791;Maghreb;446550;1 163 296
Mozambique;MOZ;1700;1,917427886;Afrique orientale (Mozambique à Kenya);801590;1 536 991
Myanmar;MMR;1700;7,470268332;Golfe du Bengale;676578;5 054 219
Namibia;NAM;1700;0,183435307;Afrique du Sud-Ouest (Congo au ca de bonne-espérance);825615;151 447
Nauru;NRU;1700;46,55866401;Indonésie et Philippines;21;978
Nepal;NPL;1700;20,77432847;Chine, Mer de Chine, Corée et Japon;147181;3 057 586
Netherlands;NLD;1700;56,60895384;Europe du nord;41850;2 369 085
Netherlands Antilles;ANT;1700;11,03019719;Petites antilles;800;8 824
New Caledonia;NCL;1700;1,141544261;Indonésie et Philippines;18575;21 204
New Zealand;NZL;1700;0,743668592;Indonésie et Philippines;270467;201 138
Nicaragua;NIC;1700;0,684855082;Du guatemala au Panama;130373;89 287
Niger;NER;1700;0,92356178;Nord ouest de l'Afrique;1267000;1 170 153
Nigeria;NGA;1700;19,8041153;Golfe de Guinée;923768;18 294 408
Niue;NIU;1700;6,509325879;Indonésie et Philippines;260;1 692
Norfolk Island;NFK;1700;8,833609133;Indonésie et Philippines;36;318
North Korea;PRK;1700;17,73482884;Chine, Mer de Chine, Corée et Japon;120538;2 137 721
North Macedonia;MKD;1700;8,902305292;Europe méditerranéenne;25713;228 905
Norway;NOR;1700;1,938832308;Europe du nord;323802;627 798
Oman;OMN;1700;0,85659355;Arabie;309500;265 116
Pakistan;PAK;1700;15,96339687;Perse;881912;14 078 311
Palau;PLW;1700;5,022678378;Indonésie et Philippines;459;2 305
Palestine;PSE;1700;149,8527821;Arabie;6020;902 114
Panama;PAN;1700;0,657581572;Du guatemala au Panama;75417;49 593
Papua New Guinea;PNG;1700;2,803665651;Indonésie et Philippines;462840;1 297 649
Paraguay;PRY;1700;0,503524673;Amérique du Sud (Côte Atlantique de la Guyane à l'Argentine):;406752;204 810
Peru;PER;1700;1,161748519;Pérou;1285216;1 493 098
Philippines;PHL;1700;4,138223279;Indonésie et Philippines;342353;1 416 733
Pitcairn;PCN;1700;0;Amérique du Sud (Côte Atlantique de la Guyane à l'Argentine):;47;0
Poland;POL;1700;19,4342055;Europe du nord;312679;6 076 668
Portugal;PRT;1700;21,55642301;Europe du sud;92090;1 985 131
Puerto Rico;PRI;1700;1,159551419;Grandes antilles;8870;10 285
Qatar;QAT;1700;0,655483625;Arabie;11586;7 594
Reunion;REU;1700;3,602294609;Petites antilles;2512;9 049
Romania;ROU;1700;10,60076665;Europe méditerranéenne;238391;2 527 127
Russia;RUS;1700;0,655739712;Europe du nord;17124442;11 229 177
Rwanda;RWA;1700;29,93202935;Afrique orientale (Mozambique à Kenya);26338;788 350
Saint Helena;SHN;1700;0,574112681;Golfe de Guinée;122;70
Saint Kitts and Nevis;KNA;1700;39,64314661;Petites antilles;261;10 347
Saint Lucia;LCA;1700;40,14070187;Petites antilles;616;24 727
Saint Pierre and Miquelon;SPM;1700;8,584306696;Acadie, baie d'Hudson et terre-neuve;242;2 077
Saint Vincent and the Grenadines;VCT;1700;53,16235246;Petites antilles;389;20 680
Samoa;WSM;1700;2,905075185;Indonésie et Philippines;2842;8 256
San Marino;SMR;1700;57,35996412;Europe méditerranéenne;61;3 499
Sao Tome and Principe;STP;1700;5,745660047;Golfe de Guinée;964;5 539
Saudi Arabia;SAU;1700;1,021038498;Arabie;2149690;2 194 916
Senegal;SEN;1700;7,681138008;Nord ouest de l'Afrique;196722;1 511 049
Serbia;SRB;1700;13,00913299;Europe méditerranéenne;49037;637 929
Seychelles;SYC;1700;73,73272605;Indonésie et Philippines;452;33 327
Sierra Leone;SLE;1700;0,108339198;Nord ouest de l'Afrique;71740;7 772
Singapore;SGP;1700;2,235414992;Chine, Mer de Chine, Corée et Japon;710;1 587
Slovakia;SVK;1700;23,47430157;Europe du nord;49037;1 151 109
Slovenia;SVN;1700;12,43642458;Europe du nord;20273;252 124
Solomon Islands;SLB;1700;0,110534285;Indonésie et Philippines;28896;3 194
Somalia;SOM;1700;1,375070661;Afrique orientale (Mozambique à Kenya);637657;876 823
South Africa;ZAF;1700;0,705137666;Afrique du Sud-Ouest (Congo au ca de bonne-espérance);1221037;860 999
South Korea;KOR;1700;36,50934183;Chine, Mer de Chine, Corée et Japon;100210;3 658 601
Spain;ESP;1700;15,80084614;Europe du sud;505992;7 995 102
Sri Lanka;LKA;1700;22,70769594;Cap comorin et Ceylan;65610;1 489 852
Sudan;SDN;1700;1,832180255;Afrique orientale (Mozambique à Kenya);1886068;3 455 617
Suriname;SUR;1700;0,11936996;Guyane, Guyana et Suriname;163820;19 555
Svalbard and Jan Mayen;SJM;1700;0,0000595;Europe du nord;61399;4
Sweden;SWE;1700;3,604755393;Europe du nord;450295;1 623 203
Switzerland;CHE;1700;32,00517464;Europe du nord;41284;1 321 302
Syria;SYR;1700;6,672289182;Arabie;185180;1 235 575
Taiwan;TWN;1700;27,88676856;Chine, Mer de Chine, Corée et Japon;36193;1 009 306
Tajikistan;TJK;1700;2,914623939;Perse;143100;417 083
Tanzania;TZA;1700;2,821246923;Afrique orientale (Mozambique à Kenya);945087;2 666 324
Thailand;THA;1700;4,915295822;Siam et Tonkin;513120;2 522 137
Timor;TLS;1700;10,7747683;Indonésie et Philippines;14874;160 264
Togo;TGO;1700;9,292185192;Golfe de Guinée;56785;527 657
Tokelau;TKL;1700;519,8236209;Indonésie et Philippines;12;6 238
Tonga;TON;1700;38,44956832;Indonésie et Philippines;747;28 722
Trinidad and Tobago;TTO;1700;0,087086694;Petites antilles;5130;447
Tunisia;TUN;1700;5,137822077;Maghreb;163610;840 599
Turkey;TUR;1700;10,9596954;Méditérranée orientale;783562;8 587 601
Turkmenistan;TKM;1700;0,637260847;Perse;488100;311 047
Turks and Caicos Islands;TCA;1700;1,510578465;Grandes antilles;948;1 432
Tuvalu;TUV;1700;65,78659543;Indonésie et Philippines;26;1 710
Uganda;UGA;1700;9,636835841;Afrique orientale (Mozambique à Kenya);241550;2 327 778
Ukraine;UKR;1700;7,806640758;Europe du nord;603700;4 712 869
United Arab Emirates;ARE;1700;0,692914621;Arabie;83600;57 928
United Kingdom;GBR;1700;27,95783887;Europe du nord;242900;6 790 959
United States;USA;1700;0,10211684;Côte est d'amérique du nord;9629091;983 292
United States Virgin Islands;VIR;1700;51,98253666;Grandes antilles;347;18 038
Uruguay;URY;1700;0,16966361;Amérique du Sud (Côte Atlantique de la Guyane à l'Argentine):;181034;30 715
Uzbekistan;UZB;1700;3,837680335;Perse;447400;1 716 978
Vanuatu;VUT;1700;0,040334551;Indonésie et Philippines;12189;492
Vatican;VAT;1700;1918,806685;Europe du nord;0,44;844
Venezuela;VEN;1700;0,549855554;Nouvelle-Grenade et Venezuela;916445;503 912
Vietnam;VNM;1700;9,173133726;Siam et Tonkin;331212;3 038 252
Wallis and Futuna;WLF;1700;25,67361537;Indonésie et Philippines;142;3 646
Western Sahara;ESH;1700;0,003388893;Maghreb;266000;901
Yemen;YEM;1700;5,369300488;Arabie;527968;2 834 819
Zambia;ZMB;1700;0,476814939;Afrique orientale (Mozambique à Kenya);752612;358 857
Zimbabwe;ZWE;1700;1,022548506;Afrique orientale (Mozambique à Kenya);390757;399 568
;;;;Cap comorin et Ceylan;;0
;;;;Côte de Malabar;;0
;;;;Côte de Malabar;;0
;;;;Surate et péninsule de Gujarat;;0
