Acrobate;Chansonnier;Comedien;Dresseur;Ecrivain;Musicien;PeintreMarine;Artisan;Bucheron;Laquais;Paysan;Pecheur;Serveuse;Armateur;Banquier;Commis;Negociant;Notaire;PetitMarchand;RicheMarchand;Speculateur;Tenancier;Boucanier;Contremaitre;Engage;Flibustier;Habitant;Planteur;Architecte;Cartographe;Chirurgien;Ingenieur naval;Medecin;Philosophe;Agitateur;Assassin;Bourreau;Escroc;Espion;Joueur;Prostituee;Spadassin;Trafiquant;TrafiquantBoisEbene;Voleur;Capitaine;Second;Canonnier;Cambusier;ChefPiece;Coq;Enseigne;Gabier;MaitreCalfat;MaitreCanonnier;MaitreCharpentier;MaitreEquipage;MaitreVoilier;Matelot;Pilote;QuartierMaitre;ServantPiece;Vigie;Mousse;Artilleur;Cadet;Cavalier;Geolier;Lancier;MaitreArme;MaitreEscrime;Mousquetaire;OfficierArtillerie;LieutenantInfanterieMarine;OfficierCavalerie;SergentRecruteur;SousOfficierArtillerie;SousOfficierInfanterie;Stratege;Bretteur;Conspirateur;Courtisan;Mecene;Eveque;Pretre;Chasseur;Chef;Griot;Guerrier;Pecheur;PecheurMosquito;PecheurCaraibe
Acrobatie;Histoire;Comedie;Comedie;Marins;Art;Art;Artisanat;Hache;Cuisine;Hache;Connaissances nautiques;MainsNue;MeneurHommes;Commerce;Commerce;Commerce;Commerce;Comedie;Commerce;Athletisme;Cuisine;Dague;Mousquet;Cuisine;Sabre;Agriculture;Agriculture;Art;Art;Dague;Charpenterie;Empathie;Empathie;Pistolet;Dague;Hache;Dague;Rapiere;Pistolet;MainsNue;Dague;Sabre;Mousquet;Acrobatie;Balistique;MeneurHommes;Balistique;Navire;Mousquet;Cuisine;Pistolet;Acrobatie;Calfatage;Emapthie;Navire;Connaissances nautiques;Acrobatie;Marins;Cartographie;MeneurHommes;Pratique nautique;Acrobatie;Marins;Athletisme;Athletisme;Dressage;MainsNue;Marins;Hache;Enseignement;MeneurHommes;Balistique;Escrime;Equitation;MainsNue;Balistique;Equitation;Balistique;Acrobatie;Comedie;Equitation;Art;Comedie;Empathie;Jet1;Jet1;Marins;Acrobatie;Arc;Javelot;Arc
Athletisme;Geographie;Marins;MeneurHommes;Geographie;Empathie;Cartographie;Artisanat1;Athletisme;Comedie;Agriculture;Hydrographie;Comedie;Commerce;Droit;Droit;Geographie;Droit;Intendance;Navire;Comedie;Comedie;Mousquet;MainsNue;Athletisme;Mousquet;Charpenterie;Commerce;Cartographie;Cartographie;Chirurgie;Connaissances nautiques;Chirurgie;Enseignement;Discretion;Rapiere;Empathie;Athletisme;Athletisme;Athletisme;Marins;Rapiere;Mousquet;Athletisme;Dague;MeneurHommes;Connaissances nautiqes;MeneurHommes;Cuisine;Sabre;Hache;Rapiere;Marins;Connaissances nautiques;Enseignement;Connaissances nautiques;Athletisme;Connaissances nautiques;Connaissances nautiques;Connaissances nautiques;Droit;Pointage;Navire;Connaissances nautiques;Esquive;Esquive;Equitation;Intimidation;Athletisme;Dague;Escrime;Athletisme;MeneurHommes;Geographie;Escrime;Comedie;MeneurHommes;MeneurHommes;MeneurHommes;Comedie;Athletisme;Etiquette;Empathie;MeneurHommes;MeneurHommes;Athletisme;MeneurHommes;Enseignement;Athletisme;Discretion;Discretion;Discretion
Comedie;Empathie;Histoire;Dressage;Langue1;Enseignement;Connaissances nautiques;Enseignement;Geographie;Empathie;Artisanat;Pratique nautique;Empathie;Navire;Intendance;Intendance;Empathie;Etiquette;Langue1;Geographie;Commerce;Empathie;Athletisme;Intimidation;Discretion;Discetion;Hache;Geographie;Geographie;Geographie;Herboristerie;Navire;Herboristerie;Lire;Empathie;Comedie;Etiquette;Comedie;Comedie;MainsNue;Empathie;Pistolet;Athletisme;Comedie;Athletisme;Connaissances nautiques;Navire;Connaissances nautiqes;Intimidation;Hache;Dague;Dague;Connaissances nautiques;Navire;Intimidation;Ingenierie navale;Empathie;Navire;Esquive;Navire;Connaissances nautiques;Recharge;Athletisme;Navire;Pistolet;Grenade;Pistolet;NerfDeBoeuf;Esquive;Rapiere;Esquive;Escrime;Enseignement;MeneurHommes;Geographie;Athletisme;Enseignement;Tactique;Marins;Escrime;MeneurHommes;Persuasion;Commerce;Etiquette;Religion;Chasse;Empathie;Langue1;Discretion;Geographie;Geographie;Geographie
Geographie;Enseignement;Empathie;Empathie;Lire;Etiquette;Navire;Intendance;Intimidation;Equitation;Discretion;Natation;Marins;Ingenierie navale;Langue1;Langue1;Intendance;Intendance;Persuasion;Empathie;Droit;Intendance;Discretion;Vigilance;Empathie;Escrime;Athletisme;Intendance;Enseignement;Navigation;Medecine;Ingenierie navale;Medecine;Persuasion;Enseignement;Discretion;Intimidation;Discretion;Commerce;Comedie;Larcins;Athletisme;Droit;Geographie;Discretion;Geographie;Hydrographie;Tactique;Intendance;Esponton;Intendance;Esponton;Athletisme;Ingenierie navale;Pointage;Charpenterie;Enseignement;Ingenierie navale;Natation;Geographie;Emapthie;Vigilance;Pratique nautique;Athletisme;Mousquet;Mousquet;Sabre;Premiers soins;Jeu;Sabre;Dague;Esquive;Etiquette;Pistolet;MeneurHommes;Empathie;Intimidation;Escrime;Equitation;Etiquette;Equitation;Politique;Lire;Commerce;Droit;Discretion;Intimidation;Persuasion;Survie;Hydrographie;Hydrographie;Hydrographie
Dague;Lire;Enseignement;Etiquette;Persuasion;Langue1;Geographie;Vigilance;Survie;Etiquette;Dressage;Peche;Etiquette;Lire;Lire;Lire;Langue1;Lire;Seduction;Lire;Empathie;Intimidation;Intendance;NerfDeBoeuf;Survie;Jeu;Intendance;Intimidation;Lire;Lire;Premiers soins;MeneurHommes;Premiers soins;Sciences;MeneurHommes;Etiquette;Politique;Intimidation;Discretion;Discretion;Persuasion;Discretion;Discretion;Intimidation;Esquive;Hydrographie;Lire;Recharge;Persuasion;Dague;Herboristerie;Pointage;Pratique nautique;Vigilance;Recharge;Vigilance;Intimidation;Vigilance;Pratique nautique;Hydrographie;Enseignement;Sabre;Esquive;Esquive;;Pointage;Survie;Vigilance;Lance;Mousquet;Rapiere;Etiquette;Pointage;Rapiere;Pistolet;Enseignement;Pointage;Esponton;Geographie;Intimidation;Etiquette;Seduction;Politique;Politique;Persuasion;Geographie;Perusasion;Politique;Jet1;Pratique nautique;Pratique nautique;Pratique nautique
Esquive;Seduction;Persuasion;Intimidation;Politique;Lire;Histoire;;;Persuasion;Equitation;;Larcins;;Persuasion;Politique;Lire;Persuasion;Vigilance;MeneurHommes;Intendance;Jeu;Premiers soins;;Vigilance;MeneurHommes;Jeu;Jeu;Sciences;Sciences;;Sciences;Sciences;Histoire;Persuasion;Herboristerie;;Larcins;Empathie;Jeu;Premiers soins;Esquive;Intimidation;Premiers soins;Larcins;Lire;Pratique nautique;Pointage;;Pointage;Vigilance;Recharge;Sabre;;Premiers soins;;Pratique nautique;Voilerie;Sabre;Lire;Pratique nautique;Hache;Hache;Pratique nautique;;Recharge;;;Mousquet;Tactique;Sabre;Mousquet;Recharge;Esponton;Rapiere;Jeu;Recharge;Geographie;Politique;Dague;Persuasion;Vigilance;;Religion;Intimidation;Dague;Politique;Religion;ArmesBlanches1;Peche;Peche;Peche
Vigilance;Art;Seduction;Persuasion; ;Vigilance;Enseignement;;;Politique;Hydrographie;;Seduction;;Politique;Vigilance;;;;;Jeu;Persuasion;Survie;;;Pratique nautique;MeneurHommes;MeneurHommes;;;;Tactique;;Politique;Politique;Larcins;;Persuasion;Etiquette;;Seduction;;Langue1;Langue1;Vigilance;Navigation;Navigation;Mousquet;;Recharge;;Balistique;Hache;;Sabre;;Sabre;;Hache;Navigation;Persuasion;Esponton;Sabre;Natation;;Rapiere;;;Vigilance;Esquive;;Rapiere;Tactique;Tactique;Esponton;Persuasion;Esponton;;Tactique;Rapiere;Politique;;;Droit;Lire;Survie;Tactique;;;Survie;Survie;Survie
;Etiquette;;;;;Tactique;;;Vigilance;Pratique nautique;;;;;;;;;;;;;;;Premiers soins;Survie;;;;;;;;;Politique;;;Larcins;;;;Larcins;;;Pistolet;Pistolet;Pistolet;;Balistique;;Marins;Esponton;;Hache;;Hache;;Esponton;;Timonerie;Dague;Mousquet;Peche;;Sabre;;;Colons;;;Sabre;;;Tactique;Esponton;;;;Pistolet;Pistolet;;;Persuasion;;Vigilance;ArmesBlanches1;;;;;Navigation
;Larincs;;;;;Vigilance;;;;;;;;;;;;;;;;;;;Tactique;;;;;;;;;;Tactique;;;Politique;;;;Pratique nautique;;;Rapiere;Rapiere;Rapiere;;Esquive;;Connaissances nautiques;Dague;;Esponton;;Esponton;;Dague;;Sabre;Mousquet;;Pointage;;;;;;;;Tactique;;;;Sabre;;;;Politique;Tactique;;;;;;;;;;;
;;;;;;;;;;;;;;;;;;;;;;;;;;;;;;;;;;;;;;;;;;;;;Sabre;Sabre;Sabre;;MeneurHomme;;Signalisation;Mousquet;;Dague;;Dague;;Mousquet;;Hache;Pistolet;;Recharge;;;;;;;;;;;;;;;;;;;;;;;;;;;;
;;;;;;;;;;;;;;;;;;;;;;;;;;;;;;;;;;;;;;;;;;;;;Esponton;Espadon;Esponton;;Pratique nautique;;Empathie;Pistolet;;Mousquet;;Mousquet;;Pistolet;;Esponton;Esquive;;;;;;;;;;;;;;;;;;;;;;;;;;;;;;
;;;;;;;;;;;;;;;;;;;;;;;;;;;;;;;;;;;;;;;;;;;;;Signalisation;Signalisation;;;;;Esquive;Esquive;;Pistolet;;Pistolet;;Esquive;;Dague;;;;;;;;;;;;;;;;;;;;;;;;;;;;;;;
;;;;;;;;;;;;;;;;;;;;;;;;;;;;;;;;;;;;;;;;;;;;;Tactique;Tactique;;;;;Hydrographie;;;Esquive;;Esquive;;;;Mousquet;;;;;;;;;;;;;;;;;;;;;;;;;;;;;;;
;;;;;;;;;;;;;;;;;;;;;;;;;;;;;;;;;;;;;;;;;;;;;;;;;;;MeneurHommes;;;;;;;;;Pistolet;;;;;;;;;;;;;;;;;;;;;;;;;;;;;;;
;;;;;;;;;;;;;;;;;;;;;;;;;;;;;;;;;;;;;;;;;;;;;;;;;;;Pratique nautique;;;;;;;;;Esquive;;;;;;;;;;;;;;;;;;;;;;;;;;;;;;;
