Type;Salaire;Employeur
Matelot;9;Armateur
Gabier;12;Armateur
Esclave;0;Planteur
Paysan;5;Patron
Delinquant;0;Delinquant
Soldat;15;Public
Indien;0;Patron
Random;0;Patron
Macon;5;Patron
Bucheron;5;Patron
Paysan;5;Patron
Pecheur;0;Client
Habitant;0;Habitant
Architecte;100;Client
Chirurgien;25;Public
Cuisinier;3;Patron
Pretre/Pasteur;4;Client
Notaire;55;Client
Pilote;30;Public
QuartierMaitre;13;Public
MaitreCanonnier;30;Public
Calfat;27;Public
Charpentier;27;Public
Voilier;27;Public
Armurier;12;Public
Herboriste;20;Public
Cambusier;12;Public
Coq;10;Public
Avocat;55;Public
Docker;4;Public
Domestique;2,5;Public
Ingénieur;30;Public
Laquais;6;Public
Ouvrier;6;Public
Metayer;4,5;Public
Serveur;4;Public
Capi;55;Armateur
MaitreEquipage;27;Armateur
Second;21;Armateur
Canonnier;20;Armateur
